timestamp, index, name, utilization.gpu [%], utilization.memory [%], memory.used [MiB], memory.total [MiB]
2026/04/24 15:34:22.511, 0, NVIDIA RTX 5000 Ada Generation, 0 %, 0 %, 193 MiB, 32760 MiB
2026/04/24 15:34:27.512, 0, NVIDIA RTX 5000 Ada Generation, 0 %, 0 %, 196 MiB, 32760 MiB
2026/04/24 15:34:32.513, 0, NVIDIA RTX 5000 Ada Generation, 0 %, 0 %, 196 MiB, 32760 MiB
2026/04/24 15:34:37.514, 0, NVIDIA RTX 5000 Ada Generation, 0 %, 0 %, 196 MiB, 32760 MiB
2026/04/24 15:34:42.515, 0, NVIDIA RTX 5000 Ada Generation, 0 %, 0 %, 196 MiB, 32760 MiB
2026/04/24 15:34:47.516, 0, NVIDIA RTX 5000 Ada Generation, 0 %, 0 %, 196 MiB, 32760 MiB
2026/04/24 15:34:52.516, 0, NVIDIA RTX 5000 Ada Generation, 0 %, 0 %, 196 MiB, 32760 MiB
2026/04/24 15:34:57.517, 0, NVIDIA RTX 5000 Ada Generation, 0 %, 0 %, 196 MiB, 32760 MiB
2026/04/24 15:35:02.518, 0, NVIDIA RTX 5000 Ada Generation, 0 %, 0 %, 196 MiB, 32760 MiB
2026/04/24 15:35:07.519, 0, NVIDIA RTX 5000 Ada Generation, 0 %, 0 %, 196 MiB, 32760 MiB
2026/04/24 15:35:12.520, 0, NVIDIA RTX 5000 Ada Generation, 0 %, 0 %, 196 MiB, 32760 MiB
2026/04/24 15:35:17.520, 0, NVIDIA RTX 5000 Ada Generation, 0 %, 0 %, 196 MiB, 32760 MiB
2026/04/24 15:35:22.521, 0, NVIDIA RTX 5000 Ada Generation, 0 %, 0 %, 196 MiB, 32760 MiB
2026/04/24 15:35:27.522, 0, NVIDIA RTX 5000 Ada Generation, 0 %, 0 %, 196 MiB, 32760 MiB
2026/04/24 15:35:32.523, 0, NVIDIA RTX 5000 Ada Generation, 0 %, 0 %, 196 MiB, 32760 MiB
2026/04/24 15:35:37.524, 0, NVIDIA RTX 5000 Ada Generation, 0 %, 0 %, 196 MiB, 32760 MiB
2026/04/24 15:35:42.524, 0, NVIDIA RTX 5000 Ada Generation, 0 %, 0 %, 196 MiB, 32760 MiB
2026/04/24 15:35:47.525, 0, NVIDIA RTX 5000 Ada Generation, 0 %, 0 %, 196 MiB, 32760 MiB
2026/04/24 15:35:52.526, 0, NVIDIA RTX 5000 Ada Generation, 0 %, 0 %, 196 MiB, 32760 MiB
2026/04/24 15:35:57.527, 0, NVIDIA RTX 5000 Ada Generation, 0 %, 0 %, 196 MiB, 32760 MiB
2026/04/24 15:36:02.528, 0, NVIDIA RTX 5000 Ada Generation, 0 %, 0 %, 196 MiB, 32760 MiB
2026/04/24 15:36:07.529, 0, NVIDIA RTX 5000 Ada Generation, 0 %, 0 %, 196 MiB, 32760 MiB
2026/04/24 15:36:12.529, 0, NVIDIA RTX 5000 Ada Generation, 0 %, 0 %, 196 MiB, 32760 MiB
2026/04/24 15:36:17.530, 0, NVIDIA RTX 5000 Ada Generation, 0 %, 0 %, 196 MiB, 32760 MiB
2026/04/24 15:36:22.531, 0, NVIDIA RTX 5000 Ada Generation, 0 %, 0 %, 196 MiB, 32760 MiB
2026/04/24 15:36:27.532, 0, NVIDIA RTX 5000 Ada Generation, 0 %, 0 %, 196 MiB, 32760 MiB
2026/04/24 15:36:32.533, 0, NVIDIA RTX 5000 Ada Generation, 0 %, 0 %, 196 MiB, 32760 MiB
2026/04/24 15:36:37.534, 0, NVIDIA RTX 5000 Ada Generation, 0 %, 0 %, 196 MiB, 32760 MiB
2026/04/24 15:36:42.534, 0, NVIDIA RTX 5000 Ada Generation, 0 %, 0 %, 196 MiB, 32760 MiB
2026/04/24 15:36:47.535, 0, NVIDIA RTX 5000 Ada Generation, 0 %, 0 %, 196 MiB, 32760 MiB
2026/04/24 15:36:52.536, 0, NVIDIA RTX 5000 Ada Generation, 0 %, 0 %, 196 MiB, 32760 MiB
2026/04/24 15:36:57.537, 0, NVIDIA RTX 5000 Ada Generation, 0 %, 0 %, 196 MiB, 32760 MiB
2026/04/24 15:37:02.537, 0, NVIDIA RTX 5000 Ada Generation, 0 %, 0 %, 196 MiB, 32760 MiB
2026/04/24 15:37:07.538, 0, NVIDIA RTX 5000 Ada Generation, 0 %, 0 %, 196 MiB, 32760 MiB
2026/04/24 15:37:12.539, 0, NVIDIA RTX 5000 Ada Generation, 0 %, 0 %, 196 MiB, 32760 MiB
2026/04/24 15:37:17.540, 0, NVIDIA RTX 5000 Ada Generation, 0 %, 0 %, 196 MiB, 32760 MiB
2026/04/24 15:37:22.540, 0, NVIDIA RTX 5000 Ada Generation, 0 %, 0 %, 196 MiB, 32760 MiB
2026/04/24 15:37:27.541, 0, NVIDIA RTX 5000 Ada Generation, 0 %, 0 %, 196 MiB, 32760 MiB
2026/04/24 15:37:32.542, 0, NVIDIA RTX 5000 Ada Generation, 19 %, 1 %, 14475 MiB, 32760 MiB
2026/04/24 15:37:37.543, 0, NVIDIA RTX 5000 Ada Generation, 0 %, 0 %, 6567 MiB, 32760 MiB
2026/04/24 15:37:42.544, 0, NVIDIA RTX 5000 Ada Generation, 0 %, 0 %, 6567 MiB, 32760 MiB
2026/04/24 15:37:47.545, 0, NVIDIA RTX 5000 Ada Generation, 0 %, 0 %, 6567 MiB, 32760 MiB
2026/04/24 15:37:52.545, 0, NVIDIA RTX 5000 Ada Generation, 0 %, 0 %, 6567 MiB, 32760 MiB
2026/04/24 15:37:57.546, 0, NVIDIA RTX 5000 Ada Generation, 0 %, 0 %, 6567 MiB, 32760 MiB
2026/04/24 15:38:02.547, 0, NVIDIA RTX 5000 Ada Generation, 0 %, 0 %, 6567 MiB, 32760 MiB
2026/04/24 15:38:07.548, 0, NVIDIA RTX 5000 Ada Generation, 0 %, 0 %, 6567 MiB, 32760 MiB
2026/04/24 15:38:12.549, 0, NVIDIA RTX 5000 Ada Generation, 0 %, 0 %, 6567 MiB, 32760 MiB
2026/04/24 15:38:17.549, 0, NVIDIA RTX 5000 Ada Generation, 0 %, 0 %, 6567 MiB, 32760 MiB
2026/04/24 15:38:22.550, 0, NVIDIA RTX 5000 Ada Generation, 0 %, 0 %, 6567 MiB, 32760 MiB
2026/04/24 15:38:27.551, 0, NVIDIA RTX 5000 Ada Generation, 0 %, 0 %, 6567 MiB, 32760 MiB
2026/04/24 15:38:32.552, 0, NVIDIA RTX 5000 Ada Generation, 0 %, 0 %, 6567 MiB, 32760 MiB
2026/04/24 15:38:37.552, 0, NVIDIA RTX 5000 Ada Generation, 0 %, 0 %, 6567 MiB, 32760 MiB
2026/04/24 15:38:42.553, 0, NVIDIA RTX 5000 Ada Generation, 0 %, 0 %, 6567 MiB, 32760 MiB
2026/04/24 15:38:47.554, 0, NVIDIA RTX 5000 Ada Generation, 47 %, 40 %, 13329 MiB, 32760 MiB
2026/04/24 15:38:52.555, 0, NVIDIA RTX 5000 Ada Generation, 31 %, 30 %, 21103 MiB, 32760 MiB
2026/04/24 15:38:57.556, 0, NVIDIA RTX 5000 Ada Generation, 66 %, 61 %, 24859 MiB, 32760 MiB
2026/04/24 15:39:02.557, 0, NVIDIA RTX 5000 Ada Generation, 30 %, 27 %, 28309 MiB, 32760 MiB
2026/04/24 15:39:07.558, 0, NVIDIA RTX 5000 Ada Generation, 32 %, 29 %, 28315 MiB, 32760 MiB
2026/04/24 15:39:12.559, 0, NVIDIA RTX 5000 Ada Generation, 28 %, 25 %, 28315 MiB, 32760 MiB
2026/04/24 15:39:17.560, 0, NVIDIA RTX 5000 Ada Generation, 14 %, 13 %, 28315 MiB, 32760 MiB
2026/04/24 15:39:22.561, 0, NVIDIA RTX 5000 Ada Generation, 83 %, 77 %, 28315 MiB, 32760 MiB
2026/04/24 15:39:27.562, 0, NVIDIA RTX 5000 Ada Generation, 63 %, 54 %, 28315 MiB, 32760 MiB
2026/04/24 15:39:32.563, 0, NVIDIA RTX 5000 Ada Generation, 9 %, 9 %, 28315 MiB, 32760 MiB
2026/04/24 15:39:37.564, 0, NVIDIA RTX 5000 Ada Generation, 29 %, 27 %, 28315 MiB, 32760 MiB
2026/04/24 15:39:42.565, 0, NVIDIA RTX 5000 Ada Generation, 72 %, 62 %, 28315 MiB, 32760 MiB
2026/04/24 15:39:47.567, 0, NVIDIA RTX 5000 Ada Generation, 62 %, 53 %, 28315 MiB, 32760 MiB
2026/04/24 15:39:52.567, 0, NVIDIA RTX 5000 Ada Generation, 82 %, 76 %, 31855 MiB, 32760 MiB
2026/04/24 15:39:57.568, 0, NVIDIA RTX 5000 Ada Generation, 36 %, 33 %, 31855 MiB, 32760 MiB
2026/04/24 15:40:02.569, 0, NVIDIA RTX 5000 Ada Generation, 0 %, 0 %, 31843 MiB, 32760 MiB
2026/04/24 15:40:07.570, 0, NVIDIA RTX 5000 Ada Generation, 62 %, 60 %, 31843 MiB, 32760 MiB
2026/04/24 15:40:12.571, 0, NVIDIA RTX 5000 Ada Generation, 67 %, 56 %, 31843 MiB, 32760 MiB
2026/04/24 15:40:17.573, 0, NVIDIA RTX 5000 Ada Generation, 42 %, 35 %, 31843 MiB, 32760 MiB
2026/04/24 15:40:22.574, 0, NVIDIA RTX 5000 Ada Generation, 20 %, 18 %, 31843 MiB, 32760 MiB
2026/04/24 15:40:27.575, 0, NVIDIA RTX 5000 Ada Generation, 70 %, 58 %, 17169 MiB, 32760 MiB
2026/04/24 15:40:32.576, 0, NVIDIA RTX 5000 Ada Generation, 24 %, 22 %, 17169 MiB, 32760 MiB
2026/04/24 15:40:37.577, 0, NVIDIA RTX 5000 Ada Generation, 28 %, 27 %, 17169 MiB, 32760 MiB
2026/04/24 15:40:42.578, 0, NVIDIA RTX 5000 Ada Generation, 0 %, 0 %, 17169 MiB, 32760 MiB
2026/04/24 15:40:47.579, 0, NVIDIA RTX 5000 Ada Generation, 23 %, 21 %, 17169 MiB, 32760 MiB
2026/04/24 15:40:52.580, 0, NVIDIA RTX 5000 Ada Generation, 26 %, 23 %, 17169 MiB, 32760 MiB
2026/04/24 15:40:57.581, 0, NVIDIA RTX 5000 Ada Generation, 96 %, 88 %, 17169 MiB, 32760 MiB
2026/04/24 15:41:02.582, 0, NVIDIA RTX 5000 Ada Generation, 55 %, 48 %, 17181 MiB, 32760 MiB
2026/04/24 15:41:07.583, 0, NVIDIA RTX 5000 Ada Generation, 32 %, 30 %, 17181 MiB, 32760 MiB
2026/04/24 15:41:12.583, 0, NVIDIA RTX 5000 Ada Generation, 6 %, 5 %, 17181 MiB, 32760 MiB
2026/04/24 15:41:17.585, 0, NVIDIA RTX 5000 Ada Generation, 46 %, 44 %, 17181 MiB, 32760 MiB
2026/04/24 15:41:22.586, 0, NVIDIA RTX 5000 Ada Generation, 66 %, 63 %, 17181 MiB, 32760 MiB
2026/04/24 15:41:27.587, 0, NVIDIA RTX 5000 Ada Generation, 21 %, 18 %, 17181 MiB, 32760 MiB
2026/04/24 15:41:32.588, 0, NVIDIA RTX 5000 Ada Generation, 65 %, 56 %, 17181 MiB, 32760 MiB
2026/04/24 15:41:37.589, 0, NVIDIA RTX 5000 Ada Generation, 46 %, 38 %, 17181 MiB, 32760 MiB
2026/04/24 15:41:42.591, 0, NVIDIA RTX 5000 Ada Generation, 9 %, 8 %, 17181 MiB, 32760 MiB
2026/04/24 15:41:47.592, 0, NVIDIA RTX 5000 Ada Generation, 43 %, 37 %, 17181 MiB, 32760 MiB
2026/04/24 15:41:52.593, 0, NVIDIA RTX 5000 Ada Generation, 62 %, 53 %, 17181 MiB, 32760 MiB
2026/04/24 15:41:57.593, 0, NVIDIA RTX 5000 Ada Generation, 20 %, 19 %, 17181 MiB, 32760 MiB
2026/04/24 15:42:02.594, 0, NVIDIA RTX 5000 Ada Generation, 41 %, 36 %, 17169 MiB, 32760 MiB
2026/04/24 15:42:07.595, 0, NVIDIA RTX 5000 Ada Generation, 24 %, 21 %, 17169 MiB, 32760 MiB
2026/04/24 15:42:12.596, 0, NVIDIA RTX 5000 Ada Generation, 44 %, 36 %, 17169 MiB, 32760 MiB
2026/04/24 15:42:17.597, 0, NVIDIA RTX 5000 Ada Generation, 11 %, 10 %, 17169 MiB, 32760 MiB
2026/04/24 15:42:22.598, 0, NVIDIA RTX 5000 Ada Generation, 56 %, 48 %, 17169 MiB, 32760 MiB
2026/04/24 15:42:27.599, 0, NVIDIA RTX 5000 Ada Generation, 36 %, 33 %, 17169 MiB, 32760 MiB
2026/04/24 15:42:32.600, 0, NVIDIA RTX 5000 Ada Generation, 79 %, 70 %, 17169 MiB, 32760 MiB
2026/04/24 15:42:37.601, 0, NVIDIA RTX 5000 Ada Generation, 63 %, 53 %, 17169 MiB, 32760 MiB
2026/04/24 15:42:42.602, 0, NVIDIA RTX 5000 Ada Generation, 35 %, 30 %, 17169 MiB, 32760 MiB
2026/04/24 15:42:47.603, 0, NVIDIA RTX 5000 Ada Generation, 0 %, 0 %, 17169 MiB, 32760 MiB
2026/04/24 15:42:52.604, 0, NVIDIA RTX 5000 Ada Generation, 74 %, 69 %, 17169 MiB, 32760 MiB
2026/04/24 15:42:57.605, 0, NVIDIA RTX 5000 Ada Generation, 76 %, 70 %, 17169 MiB, 32760 MiB
2026/04/24 15:43:02.606, 0, NVIDIA RTX 5000 Ada Generation, 13 %, 12 %, 17181 MiB, 32760 MiB
2026/04/24 15:43:07.607, 0, NVIDIA RTX 5000 Ada Generation, 16 %, 13 %, 17181 MiB, 32760 MiB
2026/04/24 15:43:12.608, 0, NVIDIA RTX 5000 Ada Generation, 39 %, 36 %, 17181 MiB, 32760 MiB
2026/04/24 15:43:17.609, 0, NVIDIA RTX 5000 Ada Generation, 48 %, 40 %, 17181 MiB, 32760 MiB
2026/04/24 15:43:22.610, 0, NVIDIA RTX 5000 Ada Generation, 31 %, 25 %, 17181 MiB, 32760 MiB
2026/04/24 15:43:27.611, 0, NVIDIA RTX 5000 Ada Generation, 61 %, 53 %, 17181 MiB, 32760 MiB
2026/04/24 15:43:32.612, 0, NVIDIA RTX 5000 Ada Generation, 50 %, 44 %, 17181 MiB, 32760 MiB
2026/04/24 15:43:37.613, 0, NVIDIA RTX 5000 Ada Generation, 60 %, 49 %, 17181 MiB, 32760 MiB
2026/04/24 15:43:42.640, 0, NVIDIA RTX 5000 Ada Generation, 30 %, 28 %, 17181 MiB, 32760 MiB
2026/04/24 15:43:47.641, 0, NVIDIA RTX 5000 Ada Generation, 45 %, 39 %, 17181 MiB, 32760 MiB
2026/04/24 15:43:52.642, 0, NVIDIA RTX 5000 Ada Generation, 33 %, 27 %, 17181 MiB, 32760 MiB
2026/04/24 15:43:57.643, 0, NVIDIA RTX 5000 Ada Generation, 0 %, 0 %, 17181 MiB, 32760 MiB
2026/04/24 15:44:02.644, 0, NVIDIA RTX 5000 Ada Generation, 30 %, 25 %, 17169 MiB, 32760 MiB
2026/04/24 15:44:07.645, 0, NVIDIA RTX 5000 Ada Generation, 30 %, 23 %, 17169 MiB, 32760 MiB
2026/04/24 15:44:12.646, 0, NVIDIA RTX 5000 Ada Generation, 52 %, 43 %, 17169 MiB, 32760 MiB
2026/04/24 15:44:17.647, 0, NVIDIA RTX 5000 Ada Generation, 26 %, 22 %, 17169 MiB, 32760 MiB
2026/04/24 15:44:22.648, 0, NVIDIA RTX 5000 Ada Generation, 65 %, 57 %, 17169 MiB, 32760 MiB
2026/04/24 15:44:27.650, 0, NVIDIA RTX 5000 Ada Generation, 24 %, 21 %, 17169 MiB, 32760 MiB
2026/04/24 15:44:32.651, 0, NVIDIA RTX 5000 Ada Generation, 0 %, 0 %, 17169 MiB, 32760 MiB
2026/04/24 15:44:37.651, 0, NVIDIA RTX 5000 Ada Generation, 70 %, 59 %, 17169 MiB, 32760 MiB
2026/04/24 15:44:42.652, 0, NVIDIA RTX 5000 Ada Generation, 66 %, 60 %, 17169 MiB, 32760 MiB
2026/04/24 15:44:47.653, 0, NVIDIA RTX 5000 Ada Generation, 66 %, 55 %, 17169 MiB, 32760 MiB
2026/04/24 15:44:52.654, 0, NVIDIA RTX 5000 Ada Generation, 39 %, 35 %, 17169 MiB, 32760 MiB
2026/04/24 15:44:57.656, 0, NVIDIA RTX 5000 Ada Generation, 68 %, 57 %, 17169 MiB, 32760 MiB
2026/04/24 15:45:02.657, 0, NVIDIA RTX 5000 Ada Generation, 16 %, 14 %, 17181 MiB, 32760 MiB
2026/04/24 15:45:07.658, 0, NVIDIA RTX 5000 Ada Generation, 17 %, 15 %, 17181 MiB, 32760 MiB
2026/04/24 15:45:12.658, 0, NVIDIA RTX 5000 Ada Generation, 62 %, 51 %, 17181 MiB, 32760 MiB
2026/04/24 15:45:17.659, 0, NVIDIA RTX 5000 Ada Generation, 4 %, 3 %, 17181 MiB, 32760 MiB
2026/04/24 15:45:22.660, 0, NVIDIA RTX 5000 Ada Generation, 25 %, 21 %, 17181 MiB, 32760 MiB
2026/04/24 15:45:27.661, 0, NVIDIA RTX 5000 Ada Generation, 59 %, 50 %, 17181 MiB, 32760 MiB
2026/04/24 15:45:32.663, 0, NVIDIA RTX 5000 Ada Generation, 11 %, 9 %, 17181 MiB, 32760 MiB
2026/04/24 15:45:37.664, 0, NVIDIA RTX 5000 Ada Generation, 0 %, 0 %, 17181 MiB, 32760 MiB
2026/04/24 15:45:42.665, 0, NVIDIA RTX 5000 Ada Generation, 73 %, 62 %, 17181 MiB, 32760 MiB
2026/04/24 15:45:47.666, 0, NVIDIA RTX 5000 Ada Generation, 0 %, 0 %, 17181 MiB, 32760 MiB
2026/04/24 15:45:52.668, 0, NVIDIA RTX 5000 Ada Generation, 68 %, 56 %, 17181 MiB, 32760 MiB
2026/04/24 15:45:57.669, 0, NVIDIA RTX 5000 Ada Generation, 62 %, 54 %, 17181 MiB, 32760 MiB
2026/04/24 15:46:02.670, 0, NVIDIA RTX 5000 Ada Generation, 51 %, 42 %, 17169 MiB, 32760 MiB
2026/04/24 15:46:07.671, 0, NVIDIA RTX 5000 Ada Generation, 54 %, 49 %, 17169 MiB, 32760 MiB
2026/04/24 15:46:12.672, 0, NVIDIA RTX 5000 Ada Generation, 49 %, 46 %, 17169 MiB, 32760 MiB
2026/04/24 15:46:17.673, 0, NVIDIA RTX 5000 Ada Generation, 44 %, 40 %, 17169 MiB, 32760 MiB
2026/04/24 15:46:22.673, 0, NVIDIA RTX 5000 Ada Generation, 23 %, 20 %, 17169 MiB, 32760 MiB
2026/04/24 15:46:27.674, 0, NVIDIA RTX 5000 Ada Generation, 32 %, 27 %, 17169 MiB, 32760 MiB
2026/04/24 15:46:32.675, 0, NVIDIA RTX 5000 Ada Generation, 20 %, 17 %, 17169 MiB, 32760 MiB
2026/04/24 15:46:37.676, 0, NVIDIA RTX 5000 Ada Generation, 35 %, 30 %, 17169 MiB, 32760 MiB
2026/04/24 15:46:42.677, 0, NVIDIA RTX 5000 Ada Generation, 55 %, 48 %, 17169 MiB, 32760 MiB
2026/04/24 15:46:47.679, 0, NVIDIA RTX 5000 Ada Generation, 64 %, 57 %, 17169 MiB, 32760 MiB
2026/04/24 15:46:52.680, 0, NVIDIA RTX 5000 Ada Generation, 43 %, 36 %, 17169 MiB, 32760 MiB
2026/04/24 15:46:57.681, 0, NVIDIA RTX 5000 Ada Generation, 24 %, 20 %, 17169 MiB, 32760 MiB
2026/04/24 15:47:02.682, 0, NVIDIA RTX 5000 Ada Generation, 41 %, 38 %, 17181 MiB, 32760 MiB
2026/04/24 15:47:07.683, 0, NVIDIA RTX 5000 Ada Generation, 43 %, 35 %, 17181 MiB, 32760 MiB
2026/04/24 15:47:12.684, 0, NVIDIA RTX 5000 Ada Generation, 0 %, 0 %, 17181 MiB, 32760 MiB
2026/04/24 15:47:17.684, 0, NVIDIA RTX 5000 Ada Generation, 69 %, 57 %, 17181 MiB, 32760 MiB
2026/04/24 15:47:22.686, 0, NVIDIA RTX 5000 Ada Generation, 0 %, 0 %, 17181 MiB, 32760 MiB
2026/04/24 15:47:27.687, 0, NVIDIA RTX 5000 Ada Generation, 21 %, 19 %, 17181 MiB, 32760 MiB
2026/04/24 15:47:32.688, 0, NVIDIA RTX 5000 Ada Generation, 71 %, 60 %, 17181 MiB, 32760 MiB
2026/04/24 15:47:37.689, 0, NVIDIA RTX 5000 Ada Generation, 0 %, 0 %, 17181 MiB, 32760 MiB
2026/04/24 15:47:42.690, 0, NVIDIA RTX 5000 Ada Generation, 15 %, 14 %, 17181 MiB, 32760 MiB
2026/04/24 15:47:47.691, 0, NVIDIA RTX 5000 Ada Generation, 24 %, 22 %, 17181 MiB, 32760 MiB
2026/04/24 15:47:52.692, 0, NVIDIA RTX 5000 Ada Generation, 14 %, 13 %, 17181 MiB, 32760 MiB
2026/04/24 15:47:57.693, 0, NVIDIA RTX 5000 Ada Generation, 5 %, 5 %, 17181 MiB, 32760 MiB
2026/04/24 15:48:02.694, 0, NVIDIA RTX 5000 Ada Generation, 58 %, 50 %, 17169 MiB, 32760 MiB
2026/04/24 15:48:07.695, 0, NVIDIA RTX 5000 Ada Generation, 0 %, 0 %, 17169 MiB, 32760 MiB
2026/04/24 15:48:12.697, 0, NVIDIA RTX 5000 Ada Generation, 45 %, 38 %, 17169 MiB, 32760 MiB
2026/04/24 15:48:17.698, 0, NVIDIA RTX 5000 Ada Generation, 34 %, 27 %, 17169 MiB, 32760 MiB
2026/04/24 15:48:22.698, 0, NVIDIA RTX 5000 Ada Generation, 70 %, 61 %, 17169 MiB, 32760 MiB
2026/04/24 15:48:27.699, 0, NVIDIA RTX 5000 Ada Generation, 29 %, 25 %, 17169 MiB, 32760 MiB
2026/04/24 15:48:32.706, 0, NVIDIA RTX 5000 Ada Generation, 44 %, 36 %, 17169 MiB, 32760 MiB
2026/04/24 15:48:37.707, 0, NVIDIA RTX 5000 Ada Generation, 26 %, 22 %, 17169 MiB, 32760 MiB
2026/04/24 15:48:42.708, 0, NVIDIA RTX 5000 Ada Generation, 58 %, 51 %, 17169 MiB, 32760 MiB
2026/04/24 15:48:47.709, 0, NVIDIA RTX 5000 Ada Generation, 47 %, 44 %, 17169 MiB, 32760 MiB
2026/04/24 15:48:52.710, 0, NVIDIA RTX 5000 Ada Generation, 64 %, 53 %, 17169 MiB, 32760 MiB
2026/04/24 15:48:57.711, 0, NVIDIA RTX 5000 Ada Generation, 64 %, 53 %, 17169 MiB, 32760 MiB
2026/04/24 15:49:02.712, 0, NVIDIA RTX 5000 Ada Generation, 10 %, 8 %, 17181 MiB, 32760 MiB
2026/04/24 15:49:07.713, 0, NVIDIA RTX 5000 Ada Generation, 63 %, 57 %, 17181 MiB, 32760 MiB
2026/04/24 15:49:12.733, 0, NVIDIA RTX 5000 Ada Generation, 42 %, 39 %, 17181 MiB, 32760 MiB
2026/04/24 15:49:17.734, 0, NVIDIA RTX 5000 Ada Generation, 17 %, 15 %, 17181 MiB, 32760 MiB
2026/04/24 15:49:22.735, 0, NVIDIA RTX 5000 Ada Generation, 40 %, 32 %, 17181 MiB, 32760 MiB
2026/04/24 15:49:27.736, 0, NVIDIA RTX 5000 Ada Generation, 0 %, 0 %, 17181 MiB, 32760 MiB
2026/04/24 15:49:32.737, 0, NVIDIA RTX 5000 Ada Generation, 58 %, 51 %, 17181 MiB, 32760 MiB
2026/04/24 15:49:37.738, 0, NVIDIA RTX 5000 Ada Generation, 22 %, 19 %, 17181 MiB, 32760 MiB
2026/04/24 15:49:42.738, 0, NVIDIA RTX 5000 Ada Generation, 50 %, 42 %, 17181 MiB, 32760 MiB
2026/04/24 15:49:47.739, 0, NVIDIA RTX 5000 Ada Generation, 71 %, 63 %, 17181 MiB, 32760 MiB
2026/04/24 15:49:52.741, 0, NVIDIA RTX 5000 Ada Generation, 13 %, 11 %, 17181 MiB, 32760 MiB
2026/04/24 15:49:57.742, 0, NVIDIA RTX 5000 Ada Generation, 17 %, 13 %, 17181 MiB, 32760 MiB
2026/04/24 15:50:02.743, 0, NVIDIA RTX 5000 Ada Generation, 82 %, 71 %, 17169 MiB, 32760 MiB
2026/04/24 15:50:07.744, 0, NVIDIA RTX 5000 Ada Generation, 72 %, 68 %, 17169 MiB, 32760 MiB
2026/04/24 15:50:12.745, 0, NVIDIA RTX 5000 Ada Generation, 6 %, 5 %, 17169 MiB, 32760 MiB
2026/04/24 15:50:17.746, 0, NVIDIA RTX 5000 Ada Generation, 13 %, 12 %, 17169 MiB, 32760 MiB
2026/04/24 15:50:22.747, 0, NVIDIA RTX 5000 Ada Generation, 30 %, 26 %, 17169 MiB, 32760 MiB
2026/04/24 15:50:27.748, 0, NVIDIA RTX 5000 Ada Generation, 40 %, 34 %, 17169 MiB, 32760 MiB
2026/04/24 15:50:32.749, 0, NVIDIA RTX 5000 Ada Generation, 79 %, 73 %, 17169 MiB, 32760 MiB
2026/04/24 15:50:37.750, 0, NVIDIA RTX 5000 Ada Generation, 89 %, 78 %, 17169 MiB, 32760 MiB
2026/04/24 15:50:42.751, 0, NVIDIA RTX 5000 Ada Generation, 57 %, 47 %, 17169 MiB, 32760 MiB
2026/04/24 15:50:47.752, 0, NVIDIA RTX 5000 Ada Generation, 23 %, 19 %, 17169 MiB, 32760 MiB
2026/04/24 15:50:52.753, 0, NVIDIA RTX 5000 Ada Generation, 46 %, 37 %, 17169 MiB, 32760 MiB
2026/04/24 15:50:57.754, 0, NVIDIA RTX 5000 Ada Generation, 39 %, 32 %, 17169 MiB, 32760 MiB
2026/04/24 15:51:02.755, 0, NVIDIA RTX 5000 Ada Generation, 38 %, 32 %, 17181 MiB, 32760 MiB
2026/04/24 15:51:07.755, 0, NVIDIA RTX 5000 Ada Generation, 68 %, 57 %, 17181 MiB, 32760 MiB
2026/04/24 15:51:12.757, 0, NVIDIA RTX 5000 Ada Generation, 56 %, 50 %, 17181 MiB, 32760 MiB
2026/04/24 15:51:17.758, 0, NVIDIA RTX 5000 Ada Generation, 0 %, 0 %, 17181 MiB, 32760 MiB
2026/04/24 15:51:22.759, 0, NVIDIA RTX 5000 Ada Generation, 71 %, 64 %, 17181 MiB, 32760 MiB
2026/04/24 15:51:27.760, 0, NVIDIA RTX 5000 Ada Generation, 40 %, 33 %, 17181 MiB, 32760 MiB
2026/04/24 15:51:32.760, 0, NVIDIA RTX 5000 Ada Generation, 65 %, 53 %, 17181 MiB, 32760 MiB
2026/04/24 15:51:37.761, 0, NVIDIA RTX 5000 Ada Generation, 0 %, 0 %, 17181 MiB, 32760 MiB
2026/04/24 15:51:42.762, 0, NVIDIA RTX 5000 Ada Generation, 0 %, 0 %, 17181 MiB, 32760 MiB
2026/04/24 15:51:47.763, 0, NVIDIA RTX 5000 Ada Generation, 15 %, 12 %, 17181 MiB, 32760 MiB
2026/04/24 15:51:52.764, 0, NVIDIA RTX 5000 Ada Generation, 17 %, 16 %, 17181 MiB, 32760 MiB
2026/04/24 15:51:57.765, 0, NVIDIA RTX 5000 Ada Generation, 45 %, 39 %, 17181 MiB, 32760 MiB
2026/04/24 15:52:02.766, 0, NVIDIA RTX 5000 Ada Generation, 31 %, 28 %, 17169 MiB, 32760 MiB
2026/04/24 15:52:07.767, 0, NVIDIA RTX 5000 Ada Generation, 44 %, 37 %, 17169 MiB, 32760 MiB
2026/04/24 15:52:12.768, 0, NVIDIA RTX 5000 Ada Generation, 21 %, 18 %, 17169 MiB, 32760 MiB
2026/04/24 15:52:17.770, 0, NVIDIA RTX 5000 Ada Generation, 11 %, 10 %, 17169 MiB, 32760 MiB
2026/04/24 15:52:22.771, 0, NVIDIA RTX 5000 Ada Generation, 64 %, 56 %, 17169 MiB, 32760 MiB
2026/04/24 15:52:27.772, 0, NVIDIA RTX 5000 Ada Generation, 23 %, 20 %, 17169 MiB, 32760 MiB
2026/04/24 15:52:32.773, 0, NVIDIA RTX 5000 Ada Generation, 28 %, 26 %, 17169 MiB, 32760 MiB
2026/04/24 15:52:37.774, 0, NVIDIA RTX 5000 Ada Generation, 25 %, 20 %, 17169 MiB, 32760 MiB
2026/04/24 15:52:42.775, 0, NVIDIA RTX 5000 Ada Generation, 72 %, 66 %, 17169 MiB, 32760 MiB
2026/04/24 15:52:47.776, 0, NVIDIA RTX 5000 Ada Generation, 0 %, 0 %, 17169 MiB, 32760 MiB
2026/04/24 15:52:52.777, 0, NVIDIA RTX 5000 Ada Generation, 5 %, 5 %, 17169 MiB, 32760 MiB
2026/04/24 15:52:57.779, 0, NVIDIA RTX 5000 Ada Generation, 3 %, 3 %, 17169 MiB, 32760 MiB
2026/04/24 15:53:02.779, 0, NVIDIA RTX 5000 Ada Generation, 46 %, 39 %, 17181 MiB, 32760 MiB
2026/04/24 15:53:07.781, 0, NVIDIA RTX 5000 Ada Generation, 45 %, 40 %, 17181 MiB, 32760 MiB
2026/04/24 15:53:12.782, 0, NVIDIA RTX 5000 Ada Generation, 59 %, 49 %, 17181 MiB, 32760 MiB
2026/04/24 15:53:17.783, 0, NVIDIA RTX 5000 Ada Generation, 60 %, 51 %, 17181 MiB, 32760 MiB
2026/04/24 15:53:22.784, 0, NVIDIA RTX 5000 Ada Generation, 0 %, 0 %, 17181 MiB, 32760 MiB
2026/04/24 15:53:27.785, 0, NVIDIA RTX 5000 Ada Generation, 6 %, 5 %, 17181 MiB, 32760 MiB
2026/04/24 15:53:32.786, 0, NVIDIA RTX 5000 Ada Generation, 33 %, 29 %, 17181 MiB, 32760 MiB
2026/04/24 15:53:37.787, 0, NVIDIA RTX 5000 Ada Generation, 46 %, 41 %, 17181 MiB, 32760 MiB
2026/04/24 15:53:42.788, 0, NVIDIA RTX 5000 Ada Generation, 33 %, 28 %, 17181 MiB, 32760 MiB
2026/04/24 15:53:47.789, 0, NVIDIA RTX 5000 Ada Generation, 50 %, 44 %, 17181 MiB, 32760 MiB
2026/04/24 15:53:52.790, 0, NVIDIA RTX 5000 Ada Generation, 48 %, 41 %, 17181 MiB, 32760 MiB
2026/04/24 15:53:57.791, 0, NVIDIA RTX 5000 Ada Generation, 46 %, 40 %, 17181 MiB, 32760 MiB
2026/04/24 15:54:02.793, 0, NVIDIA RTX 5000 Ada Generation, 41 %, 37 %, 17181 MiB, 32760 MiB
2026/04/24 15:54:07.794, 0, NVIDIA RTX 5000 Ada Generation, 7 %, 6 %, 17181 MiB, 32760 MiB
2026/04/24 15:54:12.795, 0, NVIDIA RTX 5000 Ada Generation, 0 %, 0 %, 17181 MiB, 32760 MiB
2026/04/24 15:54:17.796, 0, NVIDIA RTX 5000 Ada Generation, 36 %, 28 %, 17181 MiB, 32760 MiB
2026/04/24 15:54:22.797, 0, NVIDIA RTX 5000 Ada Generation, 40 %, 32 %, 17181 MiB, 32760 MiB
2026/04/24 15:54:27.798, 0, NVIDIA RTX 5000 Ada Generation, 55 %, 51 %, 17181 MiB, 32760 MiB
2026/04/24 15:54:32.799, 0, NVIDIA RTX 5000 Ada Generation, 80 %, 74 %, 17181 MiB, 32760 MiB
2026/04/24 15:54:37.801, 0, NVIDIA RTX 5000 Ada Generation, 17 %, 16 %, 17181 MiB, 32760 MiB
2026/04/24 15:54:42.801, 0, NVIDIA RTX 5000 Ada Generation, 55 %, 49 %, 17181 MiB, 32760 MiB
2026/04/24 15:54:47.802, 0, NVIDIA RTX 5000 Ada Generation, 57 %, 51 %, 17181 MiB, 32760 MiB
2026/04/24 15:54:52.803, 0, NVIDIA RTX 5000 Ada Generation, 0 %, 0 %, 17181 MiB, 32760 MiB
2026/04/24 15:54:57.805, 0, NVIDIA RTX 5000 Ada Generation, 57 %, 54 %, 17181 MiB, 32760 MiB
2026/04/24 15:55:02.806, 0, NVIDIA RTX 5000 Ada Generation, 54 %, 48 %, 17181 MiB, 32760 MiB
2026/04/24 15:55:07.807, 0, NVIDIA RTX 5000 Ada Generation, 74 %, 65 %, 17181 MiB, 32760 MiB
2026/04/24 15:55:12.810, 0, NVIDIA RTX 5000 Ada Generation, 76 %, 69 %, 17181 MiB, 32760 MiB
2026/04/24 15:55:17.811, 0, NVIDIA RTX 5000 Ada Generation, 38 %, 32 %, 17181 MiB, 32760 MiB
2026/04/24 15:55:22.812, 0, NVIDIA RTX 5000 Ada Generation, 5 %, 5 %, 17181 MiB, 32760 MiB
2026/04/24 15:55:27.813, 0, NVIDIA RTX 5000 Ada Generation, 66 %, 56 %, 17181 MiB, 32760 MiB
2026/04/24 15:55:32.814, 0, NVIDIA RTX 5000 Ada Generation, 59 %, 53 %, 17181 MiB, 32760 MiB
2026/04/24 15:55:37.814, 0, NVIDIA RTX 5000 Ada Generation, 50 %, 43 %, 17181 MiB, 32760 MiB
2026/04/24 15:55:42.815, 0, NVIDIA RTX 5000 Ada Generation, 49 %, 41 %, 17181 MiB, 32760 MiB
2026/04/24 15:55:47.816, 0, NVIDIA RTX 5000 Ada Generation, 31 %, 29 %, 17181 MiB, 32760 MiB
2026/04/24 15:55:52.817, 0, NVIDIA RTX 5000 Ada Generation, 60 %, 52 %, 17181 MiB, 32760 MiB
2026/04/24 15:55:57.819, 0, NVIDIA RTX 5000 Ada Generation, 0 %, 0 %, 17181 MiB, 32760 MiB
2026/04/24 15:56:02.819, 0, NVIDIA RTX 5000 Ada Generation, 65 %, 54 %, 17169 MiB, 32760 MiB
2026/04/24 15:56:07.820, 0, NVIDIA RTX 5000 Ada Generation, 2 %, 1 %, 17169 MiB, 32760 MiB
2026/04/24 15:56:12.821, 0, NVIDIA RTX 5000 Ada Generation, 89 %, 79 %, 17169 MiB, 32760 MiB
2026/04/24 15:56:17.822, 0, NVIDIA RTX 5000 Ada Generation, 0 %, 0 %, 17169 MiB, 32760 MiB
2026/04/24 15:56:22.823, 0, NVIDIA RTX 5000 Ada Generation, 23 %, 19 %, 17169 MiB, 32760 MiB
2026/04/24 15:56:27.824, 0, NVIDIA RTX 5000 Ada Generation, 0 %, 0 %, 17169 MiB, 32760 MiB
2026/04/24 15:56:32.826, 0, NVIDIA RTX 5000 Ada Generation, 53 %, 47 %, 17169 MiB, 32760 MiB
2026/04/24 15:56:37.827, 0, NVIDIA RTX 5000 Ada Generation, 27 %, 26 %, 17169 MiB, 32760 MiB
2026/04/24 15:56:42.827, 0, NVIDIA RTX 5000 Ada Generation, 24 %, 19 %, 17169 MiB, 32760 MiB
2026/04/24 15:56:47.828, 0, NVIDIA RTX 5000 Ada Generation, 55 %, 50 %, 17169 MiB, 32760 MiB
2026/04/24 15:56:52.829, 0, NVIDIA RTX 5000 Ada Generation, 17 %, 16 %, 17169 MiB, 32760 MiB
2026/04/24 15:56:57.830, 0, NVIDIA RTX 5000 Ada Generation, 29 %, 23 %, 17169 MiB, 32760 MiB
2026/04/24 15:57:02.831, 0, NVIDIA RTX 5000 Ada Generation, 0 %, 0 %, 17181 MiB, 32760 MiB
2026/04/24 15:57:07.832, 0, NVIDIA RTX 5000 Ada Generation, 39 %, 36 %, 17181 MiB, 32760 MiB
2026/04/24 15:57:12.833, 0, NVIDIA RTX 5000 Ada Generation, 71 %, 59 %, 17181 MiB, 32760 MiB
2026/04/24 15:57:17.835, 0, NVIDIA RTX 5000 Ada Generation, 44 %, 37 %, 17181 MiB, 32760 MiB
2026/04/24 15:57:22.836, 0, NVIDIA RTX 5000 Ada Generation, 59 %, 50 %, 17181 MiB, 32760 MiB
2026/04/24 15:57:27.837, 0, NVIDIA RTX 5000 Ada Generation, 36 %, 33 %, 17181 MiB, 32760 MiB
2026/04/24 15:57:32.837, 0, NVIDIA RTX 5000 Ada Generation, 68 %, 56 %, 17181 MiB, 32760 MiB
2026/04/24 15:57:37.839, 0, NVIDIA RTX 5000 Ada Generation, 42 %, 38 %, 17181 MiB, 32760 MiB
2026/04/24 15:57:42.840, 0, NVIDIA RTX 5000 Ada Generation, 48 %, 41 %, 17181 MiB, 32760 MiB
2026/04/24 15:57:47.885, 0, NVIDIA RTX 5000 Ada Generation, 14 %, 13 %, 17181 MiB, 32760 MiB
2026/04/24 15:57:52.886, 0, NVIDIA RTX 5000 Ada Generation, 17 %, 15 %, 17181 MiB, 32760 MiB
2026/04/24 15:57:57.886, 0, NVIDIA RTX 5000 Ada Generation, 49 %, 42 %, 17181 MiB, 32760 MiB
2026/04/24 15:58:02.888, 0, NVIDIA RTX 5000 Ada Generation, 49 %, 43 %, 17169 MiB, 32760 MiB
2026/04/24 15:58:07.889, 0, NVIDIA RTX 5000 Ada Generation, 88 %, 79 %, 17169 MiB, 32760 MiB
2026/04/24 15:58:12.889, 0, NVIDIA RTX 5000 Ada Generation, 96 %, 85 %, 17169 MiB, 32760 MiB
2026/04/24 15:58:17.891, 0, NVIDIA RTX 5000 Ada Generation, 29 %, 26 %, 17169 MiB, 32760 MiB
2026/04/24 15:58:22.892, 0, NVIDIA RTX 5000 Ada Generation, 0 %, 0 %, 17169 MiB, 32760 MiB
2026/04/24 15:58:27.893, 0, NVIDIA RTX 5000 Ada Generation, 51 %, 45 %, 17169 MiB, 32760 MiB
2026/04/24 15:58:32.894, 0, NVIDIA RTX 5000 Ada Generation, 62 %, 53 %, 17169 MiB, 32760 MiB
2026/04/24 15:58:37.895, 0, NVIDIA RTX 5000 Ada Generation, 27 %, 23 %, 17169 MiB, 32760 MiB
2026/04/24 15:58:42.895, 0, NVIDIA RTX 5000 Ada Generation, 0 %, 0 %, 17169 MiB, 32760 MiB
2026/04/24 15:58:47.896, 0, NVIDIA RTX 5000 Ada Generation, 9 %, 9 %, 17169 MiB, 32760 MiB
2026/04/24 15:58:52.897, 0, NVIDIA RTX 5000 Ada Generation, 60 %, 51 %, 17169 MiB, 32760 MiB
2026/04/24 15:58:57.898, 0, NVIDIA RTX 5000 Ada Generation, 26 %, 25 %, 17169 MiB, 32760 MiB
2026/04/24 15:59:02.899, 0, NVIDIA RTX 5000 Ada Generation, 35 %, 28 %, 17181 MiB, 32760 MiB
2026/04/24 15:59:07.900, 0, NVIDIA RTX 5000 Ada Generation, 0 %, 0 %, 17181 MiB, 32760 MiB
2026/04/24 15:59:12.901, 0, NVIDIA RTX 5000 Ada Generation, 5 %, 4 %, 17181 MiB, 32760 MiB
2026/04/24 15:59:17.902, 0, NVIDIA RTX 5000 Ada Generation, 45 %, 37 %, 17181 MiB, 32760 MiB
2026/04/24 15:59:22.903, 0, NVIDIA RTX 5000 Ada Generation, 38 %, 36 %, 17181 MiB, 32760 MiB
2026/04/24 15:59:27.904, 0, NVIDIA RTX 5000 Ada Generation, 0 %, 0 %, 17181 MiB, 32760 MiB
2026/04/24 15:59:32.905, 0, NVIDIA RTX 5000 Ada Generation, 69 %, 61 %, 17181 MiB, 32760 MiB
2026/04/24 15:59:37.906, 0, NVIDIA RTX 5000 Ada Generation, 68 %, 57 %, 17181 MiB, 32760 MiB
2026/04/24 15:59:42.907, 0, NVIDIA RTX 5000 Ada Generation, 69 %, 59 %, 17181 MiB, 32760 MiB
2026/04/24 15:59:47.908, 0, NVIDIA RTX 5000 Ada Generation, 71 %, 64 %, 17181 MiB, 32760 MiB
2026/04/24 15:59:52.909, 0, NVIDIA RTX 5000 Ada Generation, 74 %, 66 %, 17181 MiB, 32760 MiB
2026/04/24 15:59:57.910, 0, NVIDIA RTX 5000 Ada Generation, 39 %, 34 %, 17181 MiB, 32760 MiB
2026/04/24 16:00:02.911, 0, NVIDIA RTX 5000 Ada Generation, 42 %, 35 %, 17169 MiB, 32760 MiB
2026/04/24 16:00:07.912, 0, NVIDIA RTX 5000 Ada Generation, 0 %, 0 %, 17169 MiB, 32760 MiB
2026/04/24 16:00:12.913, 0, NVIDIA RTX 5000 Ada Generation, 47 %, 39 %, 17169 MiB, 32760 MiB
2026/04/24 16:00:17.915, 0, NVIDIA RTX 5000 Ada Generation, 18 %, 14 %, 17169 MiB, 32760 MiB
2026/04/24 16:00:22.917, 0, NVIDIA RTX 5000 Ada Generation, 19 %, 17 %, 17169 MiB, 32760 MiB
2026/04/24 16:00:27.917, 0, NVIDIA RTX 5000 Ada Generation, 60 %, 52 %, 17169 MiB, 32760 MiB
2026/04/24 16:00:32.918, 0, NVIDIA RTX 5000 Ada Generation, 69 %, 57 %, 17169 MiB, 32760 MiB
2026/04/24 16:00:37.919, 0, NVIDIA RTX 5000 Ada Generation, 72 %, 62 %, 17169 MiB, 32760 MiB
2026/04/24 16:00:42.935, 0, NVIDIA RTX 5000 Ada Generation, 16 %, 14 %, 17169 MiB, 32760 MiB
2026/04/24 16:00:47.935, 0, NVIDIA RTX 5000 Ada Generation, 56 %, 50 %, 17169 MiB, 32760 MiB
2026/04/24 16:00:52.936, 0, NVIDIA RTX 5000 Ada Generation, 0 %, 0 %, 20471 MiB, 32760 MiB
2026/04/24 16:00:57.937, 0, NVIDIA RTX 5000 Ada Generation, 6 %, 5 %, 20979 MiB, 32760 MiB
2026/04/24 16:01:02.938, 0, NVIDIA RTX 5000 Ada Generation, 14 %, 12 %, 20991 MiB, 32760 MiB
2026/04/24 16:01:07.939, 0, NVIDIA RTX 5000 Ada Generation, 58 %, 50 %, 20991 MiB, 32760 MiB
2026/04/24 16:01:12.940, 0, NVIDIA RTX 5000 Ada Generation, 77 %, 70 %, 20991 MiB, 32760 MiB
2026/04/24 16:01:17.941, 0, NVIDIA RTX 5000 Ada Generation, 47 %, 42 %, 20991 MiB, 32760 MiB
2026/04/24 16:01:22.942, 0, NVIDIA RTX 5000 Ada Generation, 71 %, 64 %, 20991 MiB, 32760 MiB
2026/04/24 16:01:27.943, 0, NVIDIA RTX 5000 Ada Generation, 15 %, 14 %, 20991 MiB, 32760 MiB
2026/04/24 16:01:32.944, 0, NVIDIA RTX 5000 Ada Generation, 37 %, 32 %, 20991 MiB, 32760 MiB
2026/04/24 16:01:37.946, 0, NVIDIA RTX 5000 Ada Generation, 5 %, 4 %, 20991 MiB, 32760 MiB
2026/04/24 16:01:42.947, 0, NVIDIA RTX 5000 Ada Generation, 17 %, 14 %, 20991 MiB, 32760 MiB
2026/04/24 16:01:47.948, 0, NVIDIA RTX 5000 Ada Generation, 41 %, 35 %, 20991 MiB, 32760 MiB
2026/04/24 16:01:52.949, 0, NVIDIA RTX 5000 Ada Generation, 15 %, 14 %, 20991 MiB, 32760 MiB
2026/04/24 16:01:57.950, 0, NVIDIA RTX 5000 Ada Generation, 67 %, 58 %, 20991 MiB, 32760 MiB
2026/04/24 16:02:02.951, 0, NVIDIA RTX 5000 Ada Generation, 50 %, 41 %, 20979 MiB, 32760 MiB
2026/04/24 16:02:07.952, 0, NVIDIA RTX 5000 Ada Generation, 0 %, 0 %, 20979 MiB, 32760 MiB
2026/04/24 16:02:12.953, 0, NVIDIA RTX 5000 Ada Generation, 34 %, 28 %, 20979 MiB, 32760 MiB
2026/04/24 16:02:17.953, 0, NVIDIA RTX 5000 Ada Generation, 17 %, 16 %, 20979 MiB, 32760 MiB
2026/04/24 16:02:22.954, 0, NVIDIA RTX 5000 Ada Generation, 5 %, 4 %, 20979 MiB, 32760 MiB
2026/04/24 16:02:27.956, 0, NVIDIA RTX 5000 Ada Generation, 0 %, 0 %, 20979 MiB, 32760 MiB
2026/04/24 16:02:32.957, 0, NVIDIA RTX 5000 Ada Generation, 0 %, 0 %, 20979 MiB, 32760 MiB
2026/04/24 16:02:37.958, 0, NVIDIA RTX 5000 Ada Generation, 32 %, 28 %, 20979 MiB, 32760 MiB
2026/04/24 16:02:42.958, 0, NVIDIA RTX 5000 Ada Generation, 0 %, 0 %, 20979 MiB, 32760 MiB
2026/04/24 16:02:47.959, 0, NVIDIA RTX 5000 Ada Generation, 39 %, 37 %, 20979 MiB, 32760 MiB
2026/04/24 16:02:52.960, 0, NVIDIA RTX 5000 Ada Generation, 0 %, 0 %, 20979 MiB, 32760 MiB
2026/04/24 16:02:57.961, 0, NVIDIA RTX 5000 Ada Generation, 61 %, 53 %, 20979 MiB, 32760 MiB
2026/04/24 16:03:02.962, 0, NVIDIA RTX 5000 Ada Generation, 41 %, 37 %, 20991 MiB, 32760 MiB
2026/04/24 16:03:07.963, 0, NVIDIA RTX 5000 Ada Generation, 53 %, 46 %, 20991 MiB, 32760 MiB
2026/04/24 16:03:12.964, 0, NVIDIA RTX 5000 Ada Generation, 71 %, 63 %, 20991 MiB, 32760 MiB
2026/04/24 16:03:17.965, 0, NVIDIA RTX 5000 Ada Generation, 3 %, 3 %, 20991 MiB, 32760 MiB
2026/04/24 16:03:22.966, 0, NVIDIA RTX 5000 Ada Generation, 6 %, 5 %, 20991 MiB, 32760 MiB
2026/04/24 16:03:27.967, 0, NVIDIA RTX 5000 Ada Generation, 16 %, 16 %, 20991 MiB, 32760 MiB
2026/04/24 16:03:32.967, 0, NVIDIA RTX 5000 Ada Generation, 0 %, 0 %, 20991 MiB, 32760 MiB
2026/04/24 16:03:37.968, 0, NVIDIA RTX 5000 Ada Generation, 0 %, 0 %, 20991 MiB, 32760 MiB
2026/04/24 16:03:42.970, 0, NVIDIA RTX 5000 Ada Generation, 39 %, 35 %, 20991 MiB, 32760 MiB
2026/04/24 16:03:47.971, 0, NVIDIA RTX 5000 Ada Generation, 36 %, 32 %, 20991 MiB, 32760 MiB
2026/04/24 16:03:52.972, 0, NVIDIA RTX 5000 Ada Generation, 46 %, 43 %, 20991 MiB, 32760 MiB
2026/04/24 16:03:57.973, 0, NVIDIA RTX 5000 Ada Generation, 46 %, 37 %, 20991 MiB, 32760 MiB
2026/04/24 16:04:02.974, 0, NVIDIA RTX 5000 Ada Generation, 71 %, 61 %, 20979 MiB, 32760 MiB
2026/04/24 16:04:07.975, 0, NVIDIA RTX 5000 Ada Generation, 9 %, 8 %, 20979 MiB, 32760 MiB
2026/04/24 16:04:12.982, 0, NVIDIA RTX 5000 Ada Generation, 48 %, 43 %, 20979 MiB, 32760 MiB
2026/04/24 16:04:17.983, 0, NVIDIA RTX 5000 Ada Generation, 15 %, 13 %, 20979 MiB, 32760 MiB
2026/04/24 16:04:22.985, 0, NVIDIA RTX 5000 Ada Generation, 2 %, 2 %, 20979 MiB, 32760 MiB
2026/04/24 16:04:27.986, 0, NVIDIA RTX 5000 Ada Generation, 18 %, 17 %, 20979 MiB, 32760 MiB
2026/04/24 16:04:32.987, 0, NVIDIA RTX 5000 Ada Generation, 51 %, 45 %, 20979 MiB, 32760 MiB
2026/04/24 16:04:37.987, 0, NVIDIA RTX 5000 Ada Generation, 30 %, 26 %, 20979 MiB, 32760 MiB
2026/04/24 16:04:42.988, 0, NVIDIA RTX 5000 Ada Generation, 38 %, 33 %, 20979 MiB, 32760 MiB
2026/04/24 16:04:47.989, 0, NVIDIA RTX 5000 Ada Generation, 39 %, 31 %, 20979 MiB, 32760 MiB
2026/04/24 16:04:52.990, 0, NVIDIA RTX 5000 Ada Generation, 48 %, 40 %, 20979 MiB, 32760 MiB
2026/04/24 16:04:57.992, 0, NVIDIA RTX 5000 Ada Generation, 33 %, 29 %, 20979 MiB, 32760 MiB
2026/04/24 16:05:02.993, 0, NVIDIA RTX 5000 Ada Generation, 44 %, 38 %, 20991 MiB, 32760 MiB
2026/04/24 16:05:07.994, 0, NVIDIA RTX 5000 Ada Generation, 20 %, 16 %, 20991 MiB, 32760 MiB
2026/04/24 16:05:12.995, 0, NVIDIA RTX 5000 Ada Generation, 45 %, 38 %, 20991 MiB, 32760 MiB
2026/04/24 16:05:17.996, 0, NVIDIA RTX 5000 Ada Generation, 80 %, 71 %, 20991 MiB, 32760 MiB
2026/04/24 16:05:22.997, 0, NVIDIA RTX 5000 Ada Generation, 38 %, 34 %, 20991 MiB, 32760 MiB
2026/04/24 16:05:27.998, 0, NVIDIA RTX 5000 Ada Generation, 44 %, 39 %, 20991 MiB, 32760 MiB
2026/04/24 16:05:33.000, 0, NVIDIA RTX 5000 Ada Generation, 26 %, 21 %, 20991 MiB, 32760 MiB
2026/04/24 16:05:38.001, 0, NVIDIA RTX 5000 Ada Generation, 73 %, 69 %, 20991 MiB, 32760 MiB
2026/04/24 16:05:43.002, 0, NVIDIA RTX 5000 Ada Generation, 17 %, 14 %, 20991 MiB, 32760 MiB
2026/04/24 16:05:48.003, 0, NVIDIA RTX 5000 Ada Generation, 51 %, 43 %, 20991 MiB, 32760 MiB
2026/04/24 16:05:53.004, 0, NVIDIA RTX 5000 Ada Generation, 38 %, 30 %, 20991 MiB, 32760 MiB
2026/04/24 16:05:58.005, 0, NVIDIA RTX 5000 Ada Generation, 25 %, 21 %, 20991 MiB, 32760 MiB
2026/04/24 16:06:03.005, 0, NVIDIA RTX 5000 Ada Generation, 0 %, 0 %, 20979 MiB, 32760 MiB
2026/04/24 16:06:08.007, 0, NVIDIA RTX 5000 Ada Generation, 3 %, 2 %, 20979 MiB, 32760 MiB
2026/04/24 16:06:13.009, 0, NVIDIA RTX 5000 Ada Generation, 5 %, 5 %, 20979 MiB, 32760 MiB
2026/04/24 16:06:18.010, 0, NVIDIA RTX 5000 Ada Generation, 28 %, 22 %, 20979 MiB, 32760 MiB
2026/04/24 16:06:23.011, 0, NVIDIA RTX 5000 Ada Generation, 43 %, 39 %, 20979 MiB, 32760 MiB
2026/04/24 16:06:28.012, 0, NVIDIA RTX 5000 Ada Generation, 55 %, 45 %, 20979 MiB, 32760 MiB
2026/04/24 16:06:33.013, 0, NVIDIA RTX 5000 Ada Generation, 70 %, 61 %, 20979 MiB, 32760 MiB
2026/04/24 16:06:38.014, 0, NVIDIA RTX 5000 Ada Generation, 3 %, 3 %, 20979 MiB, 32760 MiB
2026/04/24 16:06:43.015, 0, NVIDIA RTX 5000 Ada Generation, 59 %, 52 %, 20979 MiB, 32760 MiB
2026/04/24 16:06:48.016, 0, NVIDIA RTX 5000 Ada Generation, 63 %, 55 %, 20979 MiB, 32760 MiB
2026/04/24 16:06:53.017, 0, NVIDIA RTX 5000 Ada Generation, 26 %, 24 %, 20979 MiB, 32760 MiB
2026/04/24 16:06:58.018, 0, NVIDIA RTX 5000 Ada Generation, 36 %, 32 %, 20979 MiB, 32760 MiB
2026/04/24 16:07:03.019, 0, NVIDIA RTX 5000 Ada Generation, 54 %, 49 %, 20991 MiB, 32760 MiB
2026/04/24 16:07:08.021, 0, NVIDIA RTX 5000 Ada Generation, 26 %, 24 %, 20991 MiB, 32760 MiB
2026/04/24 16:07:13.021, 0, NVIDIA RTX 5000 Ada Generation, 43 %, 35 %, 20991 MiB, 32760 MiB
2026/04/24 16:07:18.022, 0, NVIDIA RTX 5000 Ada Generation, 5 %, 4 %, 20991 MiB, 32760 MiB
2026/04/24 16:07:23.024, 0, NVIDIA RTX 5000 Ada Generation, 81 %, 71 %, 20991 MiB, 32760 MiB
2026/04/24 16:07:28.025, 0, NVIDIA RTX 5000 Ada Generation, 66 %, 56 %, 20991 MiB, 32760 MiB
2026/04/24 16:07:33.026, 0, NVIDIA RTX 5000 Ada Generation, 48 %, 46 %, 20991 MiB, 32760 MiB
2026/04/24 16:07:38.027, 0, NVIDIA RTX 5000 Ada Generation, 0 %, 0 %, 20991 MiB, 32760 MiB
2026/04/24 16:07:43.028, 0, NVIDIA RTX 5000 Ada Generation, 36 %, 28 %, 20991 MiB, 32760 MiB
2026/04/24 16:07:48.029, 0, NVIDIA RTX 5000 Ada Generation, 0 %, 0 %, 20991 MiB, 32760 MiB
2026/04/24 16:07:53.030, 0, NVIDIA RTX 5000 Ada Generation, 51 %, 45 %, 20991 MiB, 32760 MiB
2026/04/24 16:07:58.030, 0, NVIDIA RTX 5000 Ada Generation, 22 %, 20 %, 20991 MiB, 32760 MiB
2026/04/24 16:08:03.032, 0, NVIDIA RTX 5000 Ada Generation, 10 %, 8 %, 20979 MiB, 32760 MiB
2026/04/24 16:08:08.033, 0, NVIDIA RTX 5000 Ada Generation, 42 %, 35 %, 20979 MiB, 32760 MiB
2026/04/24 16:08:13.034, 0, NVIDIA RTX 5000 Ada Generation, 1 %, 1 %, 20979 MiB, 32760 MiB
2026/04/24 16:08:18.035, 0, NVIDIA RTX 5000 Ada Generation, 0 %, 0 %, 20979 MiB, 32760 MiB
2026/04/24 16:08:23.035, 0, NVIDIA RTX 5000 Ada Generation, 98 %, 93 %, 20979 MiB, 32760 MiB
2026/04/24 16:08:28.036, 0, NVIDIA RTX 5000 Ada Generation, 49 %, 42 %, 20979 MiB, 32760 MiB
2026/04/24 16:08:33.037, 0, NVIDIA RTX 5000 Ada Generation, 27 %, 23 %, 20979 MiB, 32760 MiB
2026/04/24 16:08:38.038, 0, NVIDIA RTX 5000 Ada Generation, 0 %, 0 %, 20979 MiB, 32760 MiB
2026/04/24 16:08:43.039, 0, NVIDIA RTX 5000 Ada Generation, 29 %, 23 %, 20979 MiB, 32760 MiB
2026/04/24 16:08:48.041, 0, NVIDIA RTX 5000 Ada Generation, 68 %, 59 %, 20979 MiB, 32760 MiB
2026/04/24 16:08:53.042, 0, NVIDIA RTX 5000 Ada Generation, 28 %, 23 %, 20979 MiB, 32760 MiB
2026/04/24 16:08:58.042, 0, NVIDIA RTX 5000 Ada Generation, 31 %, 27 %, 20979 MiB, 32760 MiB
2026/04/24 16:09:03.043, 0, NVIDIA RTX 5000 Ada Generation, 35 %, 30 %, 20991 MiB, 32760 MiB
2026/04/24 16:09:08.044, 0, NVIDIA RTX 5000 Ada Generation, 30 %, 29 %, 20991 MiB, 32760 MiB
2026/04/24 16:09:13.045, 0, NVIDIA RTX 5000 Ada Generation, 13 %, 12 %, 20991 MiB, 32760 MiB
2026/04/24 16:09:18.046, 0, NVIDIA RTX 5000 Ada Generation, 46 %, 42 %, 20991 MiB, 32760 MiB
2026/04/24 16:09:23.048, 0, NVIDIA RTX 5000 Ada Generation, 0 %, 0 %, 20991 MiB, 32760 MiB
2026/04/24 16:09:28.049, 0, NVIDIA RTX 5000 Ada Generation, 40 %, 35 %, 20991 MiB, 32760 MiB
2026/04/24 16:09:33.050, 0, NVIDIA RTX 5000 Ada Generation, 34 %, 31 %, 20991 MiB, 32760 MiB
2026/04/24 16:09:38.051, 0, NVIDIA RTX 5000 Ada Generation, 62 %, 51 %, 20991 MiB, 32760 MiB
2026/04/24 16:09:43.052, 0, NVIDIA RTX 5000 Ada Generation, 0 %, 0 %, 20991 MiB, 32760 MiB
2026/04/24 16:09:48.052, 0, NVIDIA RTX 5000 Ada Generation, 4 %, 4 %, 20991 MiB, 32760 MiB
2026/04/24 16:09:53.054, 0, NVIDIA RTX 5000 Ada Generation, 19 %, 17 %, 20991 MiB, 32760 MiB
2026/04/24 16:09:58.055, 0, NVIDIA RTX 5000 Ada Generation, 62 %, 56 %, 20991 MiB, 32760 MiB
2026/04/24 16:10:03.056, 0, NVIDIA RTX 5000 Ada Generation, 66 %, 57 %, 20991 MiB, 32760 MiB
2026/04/24 16:10:08.057, 0, NVIDIA RTX 5000 Ada Generation, 76 %, 70 %, 20991 MiB, 32760 MiB
2026/04/24 16:10:13.057, 0, NVIDIA RTX 5000 Ada Generation, 17 %, 15 %, 20991 MiB, 32760 MiB
2026/04/24 16:10:18.058, 0, NVIDIA RTX 5000 Ada Generation, 0 %, 0 %, 20991 MiB, 32760 MiB
2026/04/24 16:10:23.059, 0, NVIDIA RTX 5000 Ada Generation, 22 %, 17 %, 20991 MiB, 32760 MiB
2026/04/24 16:10:28.060, 0, NVIDIA RTX 5000 Ada Generation, 11 %, 10 %, 20991 MiB, 32760 MiB
2026/04/24 16:10:33.061, 0, NVIDIA RTX 5000 Ada Generation, 7 %, 6 %, 20991 MiB, 32760 MiB
2026/04/24 16:10:38.062, 0, NVIDIA RTX 5000 Ada Generation, 4 %, 4 %, 20991 MiB, 32760 MiB
2026/04/24 16:10:43.063, 0, NVIDIA RTX 5000 Ada Generation, 30 %, 27 %, 20991 MiB, 32760 MiB
2026/04/24 16:10:48.064, 0, NVIDIA RTX 5000 Ada Generation, 48 %, 45 %, 20991 MiB, 32760 MiB
2026/04/24 16:10:53.065, 0, NVIDIA RTX 5000 Ada Generation, 64 %, 57 %, 20991 MiB, 32760 MiB
2026/04/24 16:10:58.066, 0, NVIDIA RTX 5000 Ada Generation, 0 %, 0 %, 20991 MiB, 32760 MiB
2026/04/24 16:11:03.067, 0, NVIDIA RTX 5000 Ada Generation, 53 %, 45 %, 20991 MiB, 32760 MiB
2026/04/24 16:11:08.068, 0, NVIDIA RTX 5000 Ada Generation, 0 %, 0 %, 20991 MiB, 32760 MiB
2026/04/24 16:11:13.069, 0, NVIDIA RTX 5000 Ada Generation, 65 %, 56 %, 20991 MiB, 32760 MiB
2026/04/24 16:11:18.069, 0, NVIDIA RTX 5000 Ada Generation, 57 %, 49 %, 20991 MiB, 32760 MiB
2026/04/24 16:11:23.071, 0, NVIDIA RTX 5000 Ada Generation, 0 %, 0 %, 20991 MiB, 32760 MiB
2026/04/24 16:11:28.072, 0, NVIDIA RTX 5000 Ada Generation, 59 %, 50 %, 20991 MiB, 32760 MiB
2026/04/24 16:11:33.073, 0, NVIDIA RTX 5000 Ada Generation, 6 %, 5 %, 20991 MiB, 32760 MiB
2026/04/24 16:11:38.074, 0, NVIDIA RTX 5000 Ada Generation, 27 %, 24 %, 20991 MiB, 32760 MiB
2026/04/24 16:11:43.074, 0, NVIDIA RTX 5000 Ada Generation, 40 %, 32 %, 20991 MiB, 32760 MiB
2026/04/24 16:11:48.075, 0, NVIDIA RTX 5000 Ada Generation, 43 %, 36 %, 20991 MiB, 32760 MiB
2026/04/24 16:11:53.076, 0, NVIDIA RTX 5000 Ada Generation, 0 %, 0 %, 20991 MiB, 32760 MiB
2026/04/24 16:11:58.077, 0, NVIDIA RTX 5000 Ada Generation, 36 %, 32 %, 20991 MiB, 32760 MiB
2026/04/24 16:12:03.078, 0, NVIDIA RTX 5000 Ada Generation, 44 %, 40 %, 20979 MiB, 32760 MiB
2026/04/24 16:12:08.079, 0, NVIDIA RTX 5000 Ada Generation, 2 %, 2 %, 20979 MiB, 32760 MiB
2026/04/24 16:12:13.080, 0, NVIDIA RTX 5000 Ada Generation, 22 %, 20 %, 20979 MiB, 32760 MiB
2026/04/24 16:12:18.081, 0, NVIDIA RTX 5000 Ada Generation, 34 %, 29 %, 20979 MiB, 32760 MiB
2026/04/24 16:12:23.083, 0, NVIDIA RTX 5000 Ada Generation, 37 %, 30 %, 20979 MiB, 32760 MiB
2026/04/24 16:12:28.084, 0, NVIDIA RTX 5000 Ada Generation, 72 %, 62 %, 20979 MiB, 32760 MiB
2026/04/24 16:12:33.085, 0, NVIDIA RTX 5000 Ada Generation, 44 %, 41 %, 20979 MiB, 32760 MiB
2026/04/24 16:12:38.086, 0, NVIDIA RTX 5000 Ada Generation, 11 %, 10 %, 20979 MiB, 32760 MiB
2026/04/24 16:12:43.087, 0, NVIDIA RTX 5000 Ada Generation, 42 %, 37 %, 20979 MiB, 32760 MiB
2026/04/24 16:12:48.092, 0, NVIDIA RTX 5000 Ada Generation, 64 %, 56 %, 20979 MiB, 32760 MiB
2026/04/24 16:12:53.093, 0, NVIDIA RTX 5000 Ada Generation, 37 %, 32 %, 20979 MiB, 32760 MiB
2026/04/24 16:12:58.094, 0, NVIDIA RTX 5000 Ada Generation, 0 %, 0 %, 20979 MiB, 32760 MiB
2026/04/24 16:13:03.095, 0, NVIDIA RTX 5000 Ada Generation, 47 %, 39 %, 20991 MiB, 32760 MiB
2026/04/24 16:13:08.096, 0, NVIDIA RTX 5000 Ada Generation, 28 %, 22 %, 20991 MiB, 32760 MiB
2026/04/24 16:13:13.106, 0, NVIDIA RTX 5000 Ada Generation, 67 %, 55 %, 20991 MiB, 32760 MiB
2026/04/24 16:13:18.107, 0, NVIDIA RTX 5000 Ada Generation, 61 %, 51 %, 20991 MiB, 32760 MiB
2026/04/24 16:13:23.108, 0, NVIDIA RTX 5000 Ada Generation, 18 %, 16 %, 20991 MiB, 32760 MiB
2026/04/24 16:13:28.109, 0, NVIDIA RTX 5000 Ada Generation, 26 %, 23 %, 20991 MiB, 32760 MiB
2026/04/24 16:13:33.110, 0, NVIDIA RTX 5000 Ada Generation, 64 %, 54 %, 20991 MiB, 32760 MiB
2026/04/24 16:13:38.111, 0, NVIDIA RTX 5000 Ada Generation, 45 %, 38 %, 20991 MiB, 32760 MiB
2026/04/24 16:13:43.112, 0, NVIDIA RTX 5000 Ada Generation, 52 %, 44 %, 20991 MiB, 32760 MiB
2026/04/24 16:13:48.113, 0, NVIDIA RTX 5000 Ada Generation, 0 %, 0 %, 25341 MiB, 32760 MiB
2026/04/24 16:13:53.114, 0, NVIDIA RTX 5000 Ada Generation, 58 %, 48 %, 25341 MiB, 32760 MiB
2026/04/24 16:13:58.115, 0, NVIDIA RTX 5000 Ada Generation, 15 %, 12 %, 25341 MiB, 32760 MiB
2026/04/24 16:14:03.116, 0, NVIDIA RTX 5000 Ada Generation, 70 %, 59 %, 25329 MiB, 32760 MiB
2026/04/24 16:14:08.117, 0, NVIDIA RTX 5000 Ada Generation, 0 %, 0 %, 25329 MiB, 32760 MiB
2026/04/24 16:14:13.117, 0, NVIDIA RTX 5000 Ada Generation, 25 %, 23 %, 25329 MiB, 32760 MiB
2026/04/24 16:14:18.118, 0, NVIDIA RTX 5000 Ada Generation, 17 %, 16 %, 25329 MiB, 32760 MiB
2026/04/24 16:14:23.120, 0, NVIDIA RTX 5000 Ada Generation, 46 %, 43 %, 25329 MiB, 32760 MiB
2026/04/24 16:14:28.121, 0, NVIDIA RTX 5000 Ada Generation, 41 %, 38 %, 25329 MiB, 32760 MiB
2026/04/24 16:14:33.122, 0, NVIDIA RTX 5000 Ada Generation, 62 %, 53 %, 25329 MiB, 32760 MiB
2026/04/24 16:14:38.123, 0, NVIDIA RTX 5000 Ada Generation, 87 %, 74 %, 25329 MiB, 32760 MiB
2026/04/24 16:14:43.124, 0, NVIDIA RTX 5000 Ada Generation, 71 %, 61 %, 25329 MiB, 32760 MiB
2026/04/24 16:14:48.125, 0, NVIDIA RTX 5000 Ada Generation, 89 %, 79 %, 25329 MiB, 32760 MiB
2026/04/24 16:14:53.126, 0, NVIDIA RTX 5000 Ada Generation, 41 %, 36 %, 25329 MiB, 32760 MiB
2026/04/24 16:14:58.127, 0, NVIDIA RTX 5000 Ada Generation, 28 %, 24 %, 25329 MiB, 32760 MiB
2026/04/24 16:15:03.128, 0, NVIDIA RTX 5000 Ada Generation, 1 %, 1 %, 25341 MiB, 32760 MiB
2026/04/24 16:15:08.129, 0, NVIDIA RTX 5000 Ada Generation, 66 %, 58 %, 25341 MiB, 32760 MiB
2026/04/24 16:15:13.130, 0, NVIDIA RTX 5000 Ada Generation, 14 %, 12 %, 25341 MiB, 32760 MiB
2026/04/24 16:15:18.131, 0, NVIDIA RTX 5000 Ada Generation, 63 %, 55 %, 25341 MiB, 32760 MiB
2026/04/24 16:15:23.132, 0, NVIDIA RTX 5000 Ada Generation, 76 %, 72 %, 25341 MiB, 32760 MiB
2026/04/24 16:15:28.132, 0, NVIDIA RTX 5000 Ada Generation, 0 %, 0 %, 25341 MiB, 32760 MiB
2026/04/24 16:15:33.133, 0, NVIDIA RTX 5000 Ada Generation, 28 %, 23 %, 25341 MiB, 32760 MiB
2026/04/24 16:15:38.134, 0, NVIDIA RTX 5000 Ada Generation, 74 %, 67 %, 25341 MiB, 32760 MiB
2026/04/24 16:15:43.136, 0, NVIDIA RTX 5000 Ada Generation, 83 %, 77 %, 25341 MiB, 32760 MiB
2026/04/24 16:15:48.136, 0, NVIDIA RTX 5000 Ada Generation, 0 %, 0 %, 25341 MiB, 32760 MiB
2026/04/24 16:15:53.137, 0, NVIDIA RTX 5000 Ada Generation, 28 %, 22 %, 25341 MiB, 32760 MiB
2026/04/24 16:15:58.138, 0, NVIDIA RTX 5000 Ada Generation, 55 %, 49 %, 25341 MiB, 32760 MiB
2026/04/24 16:16:03.139, 0, NVIDIA RTX 5000 Ada Generation, 0 %, 0 %, 25329 MiB, 32760 MiB
2026/04/24 16:16:08.140, 0, NVIDIA RTX 5000 Ada Generation, 0 %, 0 %, 25329 MiB, 32760 MiB
2026/04/24 16:16:13.141, 0, NVIDIA RTX 5000 Ada Generation, 13 %, 11 %, 25329 MiB, 32760 MiB
2026/04/24 16:16:18.142, 0, NVIDIA RTX 5000 Ada Generation, 0 %, 0 %, 25329 MiB, 32760 MiB
2026/04/24 16:16:23.143, 0, NVIDIA RTX 5000 Ada Generation, 10 %, 10 %, 25329 MiB, 32760 MiB
2026/04/24 16:16:28.145, 0, NVIDIA RTX 5000 Ada Generation, 10 %, 9 %, 25329 MiB, 32760 MiB
2026/04/24 16:16:33.146, 0, NVIDIA RTX 5000 Ada Generation, 71 %, 65 %, 25329 MiB, 32760 MiB
2026/04/24 16:16:38.147, 0, NVIDIA RTX 5000 Ada Generation, 41 %, 36 %, 25329 MiB, 32760 MiB
2026/04/24 16:16:43.148, 0, NVIDIA RTX 5000 Ada Generation, 0 %, 0 %, 25329 MiB, 32760 MiB
2026/04/24 16:16:48.149, 0, NVIDIA RTX 5000 Ada Generation, 13 %, 11 %, 25329 MiB, 32760 MiB
2026/04/24 16:16:53.149, 0, NVIDIA RTX 5000 Ada Generation, 7 %, 6 %, 25329 MiB, 32760 MiB
2026/04/24 16:16:58.151, 0, NVIDIA RTX 5000 Ada Generation, 72 %, 62 %, 25329 MiB, 32760 MiB
2026/04/24 16:17:03.152, 0, NVIDIA RTX 5000 Ada Generation, 0 %, 0 %, 25341 MiB, 32760 MiB
2026/04/24 16:17:08.153, 0, NVIDIA RTX 5000 Ada Generation, 48 %, 43 %, 25341 MiB, 32760 MiB
2026/04/24 16:17:13.154, 0, NVIDIA RTX 5000 Ada Generation, 0 %, 0 %, 25341 MiB, 32760 MiB
2026/04/24 16:17:18.154, 0, NVIDIA RTX 5000 Ada Generation, 0 %, 0 %, 25341 MiB, 32760 MiB
2026/04/24 16:17:23.155, 0, NVIDIA RTX 5000 Ada Generation, 61 %, 52 %, 25341 MiB, 32760 MiB
2026/04/24 16:17:28.156, 0, NVIDIA RTX 5000 Ada Generation, 17 %, 14 %, 25341 MiB, 32760 MiB
2026/04/24 16:17:33.157, 0, NVIDIA RTX 5000 Ada Generation, 0 %, 0 %, 25341 MiB, 32760 MiB
2026/04/24 16:17:38.158, 0, NVIDIA RTX 5000 Ada Generation, 0 %, 0 %, 25341 MiB, 32760 MiB
2026/04/24 16:17:43.160, 0, NVIDIA RTX 5000 Ada Generation, 0 %, 0 %, 25341 MiB, 32760 MiB
2026/04/24 16:17:48.161, 0, NVIDIA RTX 5000 Ada Generation, 64 %, 59 %, 25341 MiB, 32760 MiB
2026/04/24 16:17:53.162, 0, NVIDIA RTX 5000 Ada Generation, 10 %, 8 %, 25341 MiB, 32760 MiB
2026/04/24 16:17:58.162, 0, NVIDIA RTX 5000 Ada Generation, 47 %, 39 %, 25341 MiB, 32760 MiB
2026/04/24 16:18:03.163, 0, NVIDIA RTX 5000 Ada Generation, 0 %, 0 %, 25329 MiB, 32760 MiB
2026/04/24 16:18:08.164, 0, NVIDIA RTX 5000 Ada Generation, 9 %, 8 %, 25329 MiB, 32760 MiB
2026/04/24 16:18:13.165, 0, NVIDIA RTX 5000 Ada Generation, 10 %, 8 %, 25329 MiB, 32760 MiB
2026/04/24 16:18:18.166, 0, NVIDIA RTX 5000 Ada Generation, 0 %, 0 %, 25329 MiB, 32760 MiB
2026/04/24 16:18:23.168, 0, NVIDIA RTX 5000 Ada Generation, 69 %, 62 %, 25329 MiB, 32760 MiB
2026/04/24 16:18:28.168, 0, NVIDIA RTX 5000 Ada Generation, 19 %, 17 %, 25329 MiB, 32760 MiB
2026/04/24 16:18:33.170, 0, NVIDIA RTX 5000 Ada Generation, 6 %, 5 %, 25329 MiB, 32760 MiB
2026/04/24 16:18:38.170, 0, NVIDIA RTX 5000 Ada Generation, 31 %, 27 %, 25329 MiB, 32760 MiB
2026/04/24 16:18:43.171, 0, NVIDIA RTX 5000 Ada Generation, 64 %, 54 %, 25329 MiB, 32760 MiB
2026/04/24 16:18:48.172, 0, NVIDIA RTX 5000 Ada Generation, 74 %, 67 %, 25329 MiB, 32760 MiB
2026/04/24 16:18:53.173, 0, NVIDIA RTX 5000 Ada Generation, 62 %, 53 %, 25329 MiB, 32760 MiB
2026/04/24 16:18:58.178, 0, NVIDIA RTX 5000 Ada Generation, 0 %, 0 %, 25329 MiB, 32760 MiB
2026/04/24 16:19:03.179, 0, NVIDIA RTX 5000 Ada Generation, 70 %, 63 %, 25341 MiB, 32760 MiB
2026/04/24 16:19:08.180, 0, NVIDIA RTX 5000 Ada Generation, 50 %, 43 %, 25341 MiB, 32760 MiB
2026/04/24 16:19:13.180, 0, NVIDIA RTX 5000 Ada Generation, 0 %, 0 %, 25341 MiB, 32760 MiB
2026/04/24 16:19:18.181, 0, NVIDIA RTX 5000 Ada Generation, 81 %, 72 %, 25341 MiB, 32760 MiB
2026/04/24 16:19:23.182, 0, NVIDIA RTX 5000 Ada Generation, 94 %, 83 %, 25341 MiB, 32760 MiB
2026/04/24 16:19:28.183, 0, NVIDIA RTX 5000 Ada Generation, 52 %, 45 %, 25341 MiB, 32760 MiB
2026/04/24 16:19:33.184, 0, NVIDIA RTX 5000 Ada Generation, 10 %, 8 %, 25341 MiB, 32760 MiB
2026/04/24 16:19:38.185, 0, NVIDIA RTX 5000 Ada Generation, 27 %, 23 %, 25341 MiB, 32760 MiB
2026/04/24 16:19:43.186, 0, NVIDIA RTX 5000 Ada Generation, 14 %, 13 %, 25341 MiB, 32760 MiB
2026/04/24 16:19:48.187, 0, NVIDIA RTX 5000 Ada Generation, 53 %, 48 %, 25341 MiB, 32760 MiB
2026/04/24 16:19:53.189, 0, NVIDIA RTX 5000 Ada Generation, 28 %, 24 %, 25341 MiB, 32760 MiB
2026/04/24 16:19:58.189, 0, NVIDIA RTX 5000 Ada Generation, 50 %, 41 %, 25341 MiB, 32760 MiB
2026/04/24 16:20:03.190, 0, NVIDIA RTX 5000 Ada Generation, 42 %, 38 %, 25329 MiB, 32760 MiB
2026/04/24 16:20:08.191, 0, NVIDIA RTX 5000 Ada Generation, 30 %, 28 %, 25329 MiB, 32760 MiB
2026/04/24 16:20:13.192, 0, NVIDIA RTX 5000 Ada Generation, 22 %, 18 %, 25329 MiB, 32760 MiB
2026/04/24 16:20:18.194, 0, NVIDIA RTX 5000 Ada Generation, 0 %, 0 %, 25329 MiB, 32760 MiB
2026/04/24 16:20:23.194, 0, NVIDIA RTX 5000 Ada Generation, 18 %, 17 %, 25329 MiB, 32760 MiB
2026/04/24 16:20:28.195, 0, NVIDIA RTX 5000 Ada Generation, 0 %, 0 %, 25329 MiB, 32760 MiB
2026/04/24 16:20:33.196, 0, NVIDIA RTX 5000 Ada Generation, 20 %, 18 %, 25329 MiB, 32760 MiB
2026/04/24 16:20:38.197, 0, NVIDIA RTX 5000 Ada Generation, 66 %, 55 %, 25329 MiB, 32760 MiB
2026/04/24 16:20:43.198, 0, NVIDIA RTX 5000 Ada Generation, 23 %, 21 %, 25329 MiB, 32760 MiB
2026/04/24 16:20:48.199, 0, NVIDIA RTX 5000 Ada Generation, 50 %, 44 %, 25329 MiB, 32760 MiB
2026/04/24 16:20:53.200, 0, NVIDIA RTX 5000 Ada Generation, 54 %, 47 %, 25329 MiB, 32760 MiB
2026/04/24 16:20:58.201, 0, NVIDIA RTX 5000 Ada Generation, 51 %, 45 %, 25329 MiB, 32760 MiB
2026/04/24 16:21:03.202, 0, NVIDIA RTX 5000 Ada Generation, 0 %, 0 %, 25341 MiB, 32760 MiB
2026/04/24 16:21:08.203, 0, NVIDIA RTX 5000 Ada Generation, 27 %, 23 %, 25341 MiB, 32760 MiB
2026/04/24 16:21:13.204, 0, NVIDIA RTX 5000 Ada Generation, 0 %, 0 %, 25341 MiB, 32760 MiB
2026/04/24 16:21:18.205, 0, NVIDIA RTX 5000 Ada Generation, 30 %, 23 %, 25341 MiB, 32760 MiB
2026/04/24 16:21:23.206, 0, NVIDIA RTX 5000 Ada Generation, 5 %, 5 %, 25341 MiB, 32760 MiB
2026/04/24 16:21:28.207, 0, NVIDIA RTX 5000 Ada Generation, 63 %, 55 %, 25341 MiB, 32760 MiB
2026/04/24 16:21:33.208, 0, NVIDIA RTX 5000 Ada Generation, 43 %, 40 %, 25341 MiB, 32760 MiB
2026/04/24 16:21:38.209, 0, NVIDIA RTX 5000 Ada Generation, 40 %, 35 %, 25341 MiB, 32760 MiB
2026/04/24 16:21:43.210, 0, NVIDIA RTX 5000 Ada Generation, 90 %, 83 %, 25341 MiB, 32760 MiB
2026/04/24 16:21:48.211, 0, NVIDIA RTX 5000 Ada Generation, 36 %, 31 %, 25341 MiB, 32760 MiB
2026/04/24 16:21:53.212, 0, NVIDIA RTX 5000 Ada Generation, 38 %, 34 %, 25341 MiB, 32760 MiB
2026/04/24 16:21:58.213, 0, NVIDIA RTX 5000 Ada Generation, 23 %, 22 %, 25341 MiB, 32760 MiB
2026/04/24 16:22:03.214, 0, NVIDIA RTX 5000 Ada Generation, 40 %, 36 %, 25329 MiB, 32760 MiB
2026/04/24 16:22:08.215, 0, NVIDIA RTX 5000 Ada Generation, 19 %, 17 %, 25329 MiB, 32760 MiB
2026/04/24 16:22:13.216, 0, NVIDIA RTX 5000 Ada Generation, 41 %, 36 %, 25329 MiB, 32760 MiB
2026/04/24 16:22:18.217, 0, NVIDIA RTX 5000 Ada Generation, 75 %, 68 %, 25329 MiB, 32760 MiB
2026/04/24 16:22:23.218, 0, NVIDIA RTX 5000 Ada Generation, 36 %, 31 %, 25329 MiB, 32760 MiB
2026/04/24 16:22:28.219, 0, NVIDIA RTX 5000 Ada Generation, 19 %, 16 %, 25329 MiB, 32760 MiB
2026/04/24 16:22:33.220, 0, NVIDIA RTX 5000 Ada Generation, 65 %, 54 %, 25329 MiB, 32760 MiB
2026/04/24 16:22:38.221, 0, NVIDIA RTX 5000 Ada Generation, 34 %, 26 %, 25329 MiB, 32760 MiB
2026/04/24 16:22:43.222, 0, NVIDIA RTX 5000 Ada Generation, 5 %, 4 %, 25329 MiB, 32760 MiB
2026/04/24 16:22:48.222, 0, NVIDIA RTX 5000 Ada Generation, 44 %, 40 %, 25329 MiB, 32760 MiB
2026/04/24 16:22:53.224, 0, NVIDIA RTX 5000 Ada Generation, 56 %, 47 %, 25329 MiB, 32760 MiB
2026/04/24 16:22:58.225, 0, NVIDIA RTX 5000 Ada Generation, 43 %, 37 %, 25329 MiB, 32760 MiB
2026/04/24 16:23:03.225, 0, NVIDIA RTX 5000 Ada Generation, 77 %, 68 %, 25341 MiB, 32760 MiB
2026/04/24 16:23:08.226, 0, NVIDIA RTX 5000 Ada Generation, 51 %, 46 %, 25341 MiB, 32760 MiB
2026/04/24 16:23:13.227, 0, NVIDIA RTX 5000 Ada Generation, 10 %, 8 %, 25341 MiB, 32760 MiB
2026/04/24 16:23:18.228, 0, NVIDIA RTX 5000 Ada Generation, 26 %, 23 %, 25341 MiB, 32760 MiB
2026/04/24 16:23:23.229, 0, NVIDIA RTX 5000 Ada Generation, 48 %, 42 %, 25341 MiB, 32760 MiB
2026/04/24 16:23:28.230, 0, NVIDIA RTX 5000 Ada Generation, 46 %, 38 %, 25341 MiB, 32760 MiB
2026/04/24 16:23:33.231, 0, NVIDIA RTX 5000 Ada Generation, 37 %, 32 %, 25341 MiB, 32760 MiB
2026/04/24 16:23:38.233, 0, NVIDIA RTX 5000 Ada Generation, 0 %, 0 %, 25341 MiB, 32760 MiB
2026/04/24 16:23:43.234, 0, NVIDIA RTX 5000 Ada Generation, 28 %, 23 %, 25341 MiB, 32760 MiB
2026/04/24 16:23:48.235, 0, NVIDIA RTX 5000 Ada Generation, 21 %, 19 %, 25341 MiB, 32760 MiB
2026/04/24 16:23:53.235, 0, NVIDIA RTX 5000 Ada Generation, 41 %, 39 %, 25341 MiB, 32760 MiB
2026/04/24 16:23:58.237, 0, NVIDIA RTX 5000 Ada Generation, 8 %, 7 %, 25341 MiB, 32760 MiB
2026/04/24 16:24:03.238, 0, NVIDIA RTX 5000 Ada Generation, 65 %, 57 %, 25329 MiB, 32760 MiB
2026/04/24 16:24:08.238, 0, NVIDIA RTX 5000 Ada Generation, 85 %, 80 %, 25329 MiB, 32760 MiB
2026/04/24 16:24:13.240, 0, NVIDIA RTX 5000 Ada Generation, 35 %, 30 %, 25329 MiB, 32760 MiB
2026/04/24 16:24:18.241, 0, NVIDIA RTX 5000 Ada Generation, 21 %, 18 %, 25329 MiB, 32760 MiB
2026/04/24 16:24:23.242, 0, NVIDIA RTX 5000 Ada Generation, 53 %, 44 %, 25329 MiB, 32760 MiB
2026/04/24 16:24:28.243, 0, NVIDIA RTX 5000 Ada Generation, 49 %, 43 %, 25329 MiB, 32760 MiB
2026/04/24 16:24:33.244, 0, NVIDIA RTX 5000 Ada Generation, 71 %, 62 %, 25329 MiB, 32760 MiB
2026/04/24 16:24:38.245, 0, NVIDIA RTX 5000 Ada Generation, 0 %, 0 %, 25329 MiB, 32760 MiB
2026/04/24 16:24:43.246, 0, NVIDIA RTX 5000 Ada Generation, 11 %, 9 %, 25329 MiB, 32760 MiB
2026/04/24 16:24:48.247, 0, NVIDIA RTX 5000 Ada Generation, 19 %, 18 %, 25329 MiB, 32760 MiB
2026/04/24 16:24:53.248, 0, NVIDIA RTX 5000 Ada Generation, 0 %, 0 %, 25329 MiB, 32760 MiB
2026/04/24 16:24:58.249, 0, NVIDIA RTX 5000 Ada Generation, 5 %, 4 %, 25329 MiB, 32760 MiB
2026/04/24 16:25:03.251, 0, NVIDIA RTX 5000 Ada Generation, 42 %, 37 %, 25341 MiB, 32760 MiB
2026/04/24 16:25:08.251, 0, NVIDIA RTX 5000 Ada Generation, 16 %, 15 %, 25341 MiB, 32760 MiB
2026/04/24 16:25:13.252, 0, NVIDIA RTX 5000 Ada Generation, 35 %, 31 %, 25341 MiB, 32760 MiB
2026/04/24 16:25:18.253, 0, NVIDIA RTX 5000 Ada Generation, 26 %, 21 %, 25341 MiB, 32760 MiB
2026/04/24 16:25:23.254, 0, NVIDIA RTX 5000 Ada Generation, 0 %, 0 %, 25341 MiB, 32760 MiB
2026/04/24 16:25:28.255, 0, NVIDIA RTX 5000 Ada Generation, 32 %, 30 %, 25341 MiB, 32760 MiB
2026/04/24 16:25:33.259, 0, NVIDIA RTX 5000 Ada Generation, 0 %, 0 %, 25341 MiB, 32760 MiB
2026/04/24 16:25:38.260, 0, NVIDIA RTX 5000 Ada Generation, 0 %, 0 %, 25341 MiB, 32760 MiB
2026/04/24 16:25:43.260, 0, NVIDIA RTX 5000 Ada Generation, 45 %, 40 %, 25341 MiB, 32760 MiB
2026/04/24 16:25:48.262, 0, NVIDIA RTX 5000 Ada Generation, 38 %, 33 %, 25341 MiB, 32760 MiB
2026/04/24 16:25:53.263, 0, NVIDIA RTX 5000 Ada Generation, 81 %, 75 %, 25341 MiB, 32760 MiB
2026/04/24 16:25:58.264, 0, NVIDIA RTX 5000 Ada Generation, 87 %, 83 %, 25341 MiB, 32760 MiB
2026/04/24 16:26:03.265, 0, NVIDIA RTX 5000 Ada Generation, 42 %, 38 %, 25329 MiB, 32760 MiB
2026/04/24 16:26:08.266, 0, NVIDIA RTX 5000 Ada Generation, 26 %, 22 %, 25329 MiB, 32760 MiB
2026/04/24 16:26:13.267, 0, NVIDIA RTX 5000 Ada Generation, 28 %, 24 %, 25329 MiB, 32760 MiB
2026/04/24 16:26:18.268, 0, NVIDIA RTX 5000 Ada Generation, 29 %, 27 %, 25329 MiB, 32760 MiB
2026/04/24 16:26:23.269, 0, NVIDIA RTX 5000 Ada Generation, 0 %, 0 %, 25329 MiB, 32760 MiB
2026/04/24 16:26:28.270, 0, NVIDIA RTX 5000 Ada Generation, 0 %, 0 %, 25329 MiB, 32760 MiB
2026/04/24 16:26:33.271, 0, NVIDIA RTX 5000 Ada Generation, 17 %, 15 %, 25329 MiB, 32760 MiB
2026/04/24 16:26:38.272, 0, NVIDIA RTX 5000 Ada Generation, 34 %, 32 %, 25329 MiB, 32760 MiB
2026/04/24 16:26:43.273, 0, NVIDIA RTX 5000 Ada Generation, 59 %, 50 %, 25329 MiB, 32760 MiB
2026/04/24 16:26:48.274, 0, NVIDIA RTX 5000 Ada Generation, 83 %, 73 %, 25329 MiB, 32760 MiB
2026/04/24 16:26:53.275, 0, NVIDIA RTX 5000 Ada Generation, 14 %, 13 %, 25329 MiB, 32760 MiB
2026/04/24 16:26:58.276, 0, NVIDIA RTX 5000 Ada Generation, 40 %, 36 %, 25329 MiB, 32760 MiB
2026/04/24 16:27:03.277, 0, NVIDIA RTX 5000 Ada Generation, 3 %, 3 %, 25341 MiB, 32760 MiB
2026/04/24 16:27:08.278, 0, NVIDIA RTX 5000 Ada Generation, 8 %, 8 %, 25341 MiB, 32760 MiB
2026/04/24 16:27:13.279, 0, NVIDIA RTX 5000 Ada Generation, 37 %, 33 %, 25341 MiB, 32760 MiB
2026/04/24 16:27:18.280, 0, NVIDIA RTX 5000 Ada Generation, 35 %, 29 %, 25341 MiB, 32760 MiB
2026/04/24 16:27:23.281, 0, NVIDIA RTX 5000 Ada Generation, 31 %, 28 %, 25341 MiB, 32760 MiB
2026/04/24 16:27:28.282, 0, NVIDIA RTX 5000 Ada Generation, 57 %, 51 %, 25341 MiB, 32760 MiB
2026/04/24 16:27:33.283, 0, NVIDIA RTX 5000 Ada Generation, 0 %, 0 %, 25341 MiB, 32760 MiB
2026/04/24 16:27:38.284, 0, NVIDIA RTX 5000 Ada Generation, 17 %, 15 %, 25341 MiB, 32760 MiB
2026/04/24 16:27:43.285, 0, NVIDIA RTX 5000 Ada Generation, 31 %, 24 %, 25341 MiB, 32760 MiB
2026/04/24 16:27:48.286, 0, NVIDIA RTX 5000 Ada Generation, 64 %, 58 %, 25341 MiB, 32760 MiB
2026/04/24 16:27:53.287, 0, NVIDIA RTX 5000 Ada Generation, 50 %, 41 %, 25341 MiB, 32760 MiB
2026/04/24 16:27:58.288, 0, NVIDIA RTX 5000 Ada Generation, 58 %, 50 %, 25341 MiB, 32760 MiB
2026/04/24 16:28:03.289, 0, NVIDIA RTX 5000 Ada Generation, 85 %, 75 %, 25329 MiB, 32760 MiB
2026/04/24 16:28:08.290, 0, NVIDIA RTX 5000 Ada Generation, 0 %, 0 %, 25329 MiB, 32760 MiB
2026/04/24 16:28:13.291, 0, NVIDIA RTX 5000 Ada Generation, 94 %, 85 %, 25329 MiB, 32760 MiB
2026/04/24 16:28:18.292, 0, NVIDIA RTX 5000 Ada Generation, 24 %, 19 %, 25329 MiB, 32760 MiB
2026/04/24 16:28:23.293, 0, NVIDIA RTX 5000 Ada Generation, 57 %, 50 %, 25329 MiB, 32760 MiB
2026/04/24 16:28:28.294, 0, NVIDIA RTX 5000 Ada Generation, 68 %, 61 %, 25329 MiB, 32760 MiB
2026/04/24 16:28:33.295, 0, NVIDIA RTX 5000 Ada Generation, 80 %, 69 %, 25329 MiB, 32760 MiB
2026/04/24 16:28:38.297, 0, NVIDIA RTX 5000 Ada Generation, 89 %, 80 %, 25329 MiB, 32760 MiB
2026/04/24 16:28:43.298, 0, NVIDIA RTX 5000 Ada Generation, 57 %, 48 %, 25329 MiB, 32760 MiB
2026/04/24 16:28:48.299, 0, NVIDIA RTX 5000 Ada Generation, 18 %, 15 %, 25329 MiB, 32760 MiB
2026/04/24 16:28:53.300, 0, NVIDIA RTX 5000 Ada Generation, 50 %, 43 %, 25329 MiB, 32760 MiB
2026/04/24 16:28:58.300, 0, NVIDIA RTX 5000 Ada Generation, 67 %, 59 %, 25329 MiB, 32760 MiB
2026/04/24 16:29:03.301, 0, NVIDIA RTX 5000 Ada Generation, 16 %, 15 %, 25341 MiB, 32760 MiB
2026/04/24 16:29:08.302, 0, NVIDIA RTX 5000 Ada Generation, 0 %, 0 %, 25341 MiB, 32760 MiB
2026/04/24 16:29:13.303, 0, NVIDIA RTX 5000 Ada Generation, 2 %, 2 %, 25341 MiB, 32760 MiB
2026/04/24 16:29:18.304, 0, NVIDIA RTX 5000 Ada Generation, 63 %, 54 %, 25341 MiB, 32760 MiB
2026/04/24 16:29:23.305, 0, NVIDIA RTX 5000 Ada Generation, 18 %, 14 %, 25341 MiB, 32760 MiB
2026/04/24 16:29:28.306, 0, NVIDIA RTX 5000 Ada Generation, 9 %, 8 %, 25341 MiB, 32760 MiB
2026/04/24 16:29:33.308, 0, NVIDIA RTX 5000 Ada Generation, 0 %, 0 %, 25341 MiB, 32760 MiB
2026/04/24 16:29:38.308, 0, NVIDIA RTX 5000 Ada Generation, 2 %, 2 %, 25341 MiB, 32760 MiB
2026/04/24 16:29:43.309, 0, NVIDIA RTX 5000 Ada Generation, 0 %, 0 %, 25341 MiB, 32760 MiB
2026/04/24 16:29:48.310, 0, NVIDIA RTX 5000 Ada Generation, 0 %, 0 %, 25341 MiB, 32760 MiB
2026/04/24 16:29:53.312, 0, NVIDIA RTX 5000 Ada Generation, 62 %, 54 %, 25341 MiB, 32760 MiB
2026/04/24 16:29:58.313, 0, NVIDIA RTX 5000 Ada Generation, 0 %, 0 %, 25341 MiB, 32760 MiB
2026/04/24 16:30:03.314, 0, NVIDIA RTX 5000 Ada Generation, 21 %, 18 %, 25329 MiB, 32760 MiB
2026/04/24 16:30:08.315, 0, NVIDIA RTX 5000 Ada Generation, 0 %, 0 %, 25329 MiB, 32760 MiB
2026/04/24 16:30:13.316, 0, NVIDIA RTX 5000 Ada Generation, 19 %, 17 %, 25329 MiB, 32760 MiB
2026/04/24 16:30:18.317, 0, NVIDIA RTX 5000 Ada Generation, 21 %, 19 %, 25329 MiB, 32760 MiB
2026/04/24 16:30:23.318, 0, NVIDIA RTX 5000 Ada Generation, 49 %, 44 %, 25329 MiB, 32760 MiB
2026/04/24 16:30:28.319, 0, NVIDIA RTX 5000 Ada Generation, 60 %, 52 %, 25329 MiB, 32760 MiB
2026/04/24 16:30:33.319, 0, NVIDIA RTX 5000 Ada Generation, 5 %, 4 %, 25329 MiB, 32760 MiB
2026/04/24 16:30:38.320, 0, NVIDIA RTX 5000 Ada Generation, 48 %, 40 %, 25329 MiB, 32760 MiB
2026/04/24 16:30:43.321, 0, NVIDIA RTX 5000 Ada Generation, 65 %, 56 %, 25329 MiB, 32760 MiB
2026/04/24 16:30:48.322, 0, NVIDIA RTX 5000 Ada Generation, 73 %, 63 %, 25329 MiB, 32760 MiB
2026/04/24 16:30:53.323, 0, NVIDIA RTX 5000 Ada Generation, 24 %, 21 %, 25329 MiB, 32760 MiB
2026/04/24 16:30:58.324, 0, NVIDIA RTX 5000 Ada Generation, 10 %, 9 %, 25329 MiB, 32760 MiB
2026/04/24 16:31:03.325, 0, NVIDIA RTX 5000 Ada Generation, 10 %, 9 %, 25341 MiB, 32760 MiB
2026/04/24 16:31:08.326, 0, NVIDIA RTX 5000 Ada Generation, 12 %, 11 %, 25341 MiB, 32760 MiB
2026/04/24 16:31:13.327, 0, NVIDIA RTX 5000 Ada Generation, 57 %, 48 %, 25341 MiB, 32760 MiB
2026/04/24 16:31:18.328, 0, NVIDIA RTX 5000 Ada Generation, 79 %, 69 %, 25341 MiB, 32760 MiB
2026/04/24 16:31:23.329, 0, NVIDIA RTX 5000 Ada Generation, 32 %, 30 %, 25341 MiB, 32760 MiB
2026/04/24 16:31:28.330, 0, NVIDIA RTX 5000 Ada Generation, 50 %, 44 %, 25341 MiB, 32760 MiB
2026/04/24 16:31:33.331, 0, NVIDIA RTX 5000 Ada Generation, 36 %, 31 %, 25341 MiB, 32760 MiB
2026/04/24 16:31:38.332, 0, NVIDIA RTX 5000 Ada Generation, 0 %, 0 %, 25341 MiB, 32760 MiB
2026/04/24 16:31:43.334, 0, NVIDIA RTX 5000 Ada Generation, 37 %, 32 %, 25341 MiB, 32760 MiB
2026/04/24 16:31:48.335, 0, NVIDIA RTX 5000 Ada Generation, 66 %, 59 %, 25341 MiB, 32760 MiB
2026/04/24 16:31:53.336, 0, NVIDIA RTX 5000 Ada Generation, 10 %, 8 %, 25341 MiB, 32760 MiB
2026/04/24 16:31:58.338, 0, NVIDIA RTX 5000 Ada Generation, 34 %, 31 %, 25341 MiB, 32760 MiB
2026/04/24 16:32:03.342, 0, NVIDIA RTX 5000 Ada Generation, 12 %, 11 %, 25329 MiB, 32760 MiB
2026/04/24 16:32:08.343, 0, NVIDIA RTX 5000 Ada Generation, 74 %, 65 %, 25329 MiB, 32760 MiB
2026/04/24 16:32:13.344, 0, NVIDIA RTX 5000 Ada Generation, 14 %, 13 %, 25329 MiB, 32760 MiB
2026/04/24 16:32:18.344, 0, NVIDIA RTX 5000 Ada Generation, 28 %, 24 %, 25329 MiB, 32760 MiB
2026/04/24 16:32:23.345, 0, NVIDIA RTX 5000 Ada Generation, 0 %, 0 %, 25329 MiB, 32760 MiB
2026/04/24 16:32:28.346, 0, NVIDIA RTX 5000 Ada Generation, 24 %, 21 %, 25329 MiB, 32760 MiB
2026/04/24 16:32:33.347, 0, NVIDIA RTX 5000 Ada Generation, 38 %, 34 %, 25329 MiB, 32760 MiB
2026/04/24 16:32:38.348, 0, NVIDIA RTX 5000 Ada Generation, 2 %, 2 %, 25329 MiB, 32760 MiB
2026/04/24 16:32:43.349, 0, NVIDIA RTX 5000 Ada Generation, 64 %, 56 %, 25329 MiB, 32760 MiB
2026/04/24 16:32:48.350, 0, NVIDIA RTX 5000 Ada Generation, 42 %, 38 %, 25329 MiB, 32760 MiB
2026/04/24 16:32:53.351, 0, NVIDIA RTX 5000 Ada Generation, 32 %, 30 %, 25329 MiB, 32760 MiB
2026/04/24 16:32:58.352, 0, NVIDIA RTX 5000 Ada Generation, 7 %, 6 %, 25329 MiB, 32760 MiB
2026/04/24 16:33:03.353, 0, NVIDIA RTX 5000 Ada Generation, 67 %, 57 %, 25341 MiB, 32760 MiB
2026/04/24 16:33:08.354, 0, NVIDIA RTX 5000 Ada Generation, 14 %, 13 %, 25341 MiB, 32760 MiB
2026/04/24 16:33:13.355, 0, NVIDIA RTX 5000 Ada Generation, 70 %, 61 %, 25341 MiB, 32760 MiB
2026/04/24 16:33:18.356, 0, NVIDIA RTX 5000 Ada Generation, 41 %, 33 %, 25341 MiB, 32760 MiB
2026/04/24 16:33:23.357, 0, NVIDIA RTX 5000 Ada Generation, 59 %, 51 %, 25341 MiB, 32760 MiB
2026/04/24 16:33:28.358, 0, NVIDIA RTX 5000 Ada Generation, 50 %, 41 %, 25341 MiB, 32760 MiB
2026/04/24 16:33:33.359, 0, NVIDIA RTX 5000 Ada Generation, 0 %, 0 %, 25341 MiB, 32760 MiB
2026/04/24 16:33:38.359, 0, NVIDIA RTX 5000 Ada Generation, 69 %, 63 %, 25341 MiB, 32760 MiB
2026/04/24 16:33:43.360, 0, NVIDIA RTX 5000 Ada Generation, 13 %, 10 %, 25341 MiB, 32760 MiB
2026/04/24 16:33:48.361, 0, NVIDIA RTX 5000 Ada Generation, 17 %, 16 %, 25341 MiB, 32760 MiB
2026/04/24 16:33:53.362, 0, NVIDIA RTX 5000 Ada Generation, 35 %, 30 %, 25341 MiB, 32760 MiB
2026/04/24 16:33:58.363, 0, NVIDIA RTX 5000 Ada Generation, 63 %, 54 %, 25341 MiB, 32760 MiB
2026/04/24 16:34:03.364, 0, NVIDIA RTX 5000 Ada Generation, 0 %, 0 %, 25329 MiB, 32760 MiB
2026/04/24 16:34:08.365, 0, NVIDIA RTX 5000 Ada Generation, 38 %, 30 %, 25329 MiB, 32760 MiB
2026/04/24 16:34:13.366, 0, NVIDIA RTX 5000 Ada Generation, 0 %, 0 %, 25329 MiB, 32760 MiB
2026/04/24 16:34:18.367, 0, NVIDIA RTX 5000 Ada Generation, 10 %, 9 %, 25329 MiB, 32760 MiB
2026/04/24 16:34:23.368, 0, NVIDIA RTX 5000 Ada Generation, 27 %, 23 %, 25329 MiB, 32760 MiB
2026/04/24 16:34:28.369, 0, NVIDIA RTX 5000 Ada Generation, 32 %, 29 %, 25329 MiB, 32760 MiB
2026/04/24 16:34:33.370, 0, NVIDIA RTX 5000 Ada Generation, 61 %, 52 %, 25329 MiB, 32760 MiB
2026/04/24 16:34:38.371, 0, NVIDIA RTX 5000 Ada Generation, 67 %, 57 %, 25329 MiB, 32760 MiB
2026/04/24 16:34:43.372, 0, NVIDIA RTX 5000 Ada Generation, 43 %, 36 %, 25329 MiB, 32760 MiB
2026/04/24 16:34:48.373, 0, NVIDIA RTX 5000 Ada Generation, 0 %, 0 %, 25329 MiB, 32760 MiB
2026/04/24 16:34:53.374, 0, NVIDIA RTX 5000 Ada Generation, 15 %, 14 %, 25329 MiB, 32760 MiB
2026/04/24 16:34:58.375, 0, NVIDIA RTX 5000 Ada Generation, 34 %, 29 %, 25329 MiB, 32760 MiB
2026/04/24 16:35:03.376, 0, NVIDIA RTX 5000 Ada Generation, 93 %, 84 %, 25341 MiB, 32760 MiB
2026/04/24 16:35:08.376, 0, NVIDIA RTX 5000 Ada Generation, 60 %, 52 %, 25341 MiB, 32760 MiB
2026/04/24 16:35:13.377, 0, NVIDIA RTX 5000 Ada Generation, 75 %, 68 %, 25341 MiB, 32760 MiB
2026/04/24 16:35:18.379, 0, NVIDIA RTX 5000 Ada Generation, 24 %, 19 %, 25341 MiB, 32760 MiB
2026/04/24 16:35:23.380, 0, NVIDIA RTX 5000 Ada Generation, 58 %, 51 %, 25341 MiB, 32760 MiB
2026/04/24 16:35:28.381, 0, NVIDIA RTX 5000 Ada Generation, 60 %, 52 %, 25341 MiB, 32760 MiB
2026/04/24 16:35:33.382, 0, NVIDIA RTX 5000 Ada Generation, 58 %, 55 %, 25341 MiB, 32760 MiB
2026/04/24 16:35:38.383, 0, NVIDIA RTX 5000 Ada Generation, 59 %, 49 %, 25341 MiB, 32760 MiB
2026/04/24 16:35:43.383, 0, NVIDIA RTX 5000 Ada Generation, 70 %, 61 %, 25341 MiB, 32760 MiB
2026/04/24 16:35:48.384, 0, NVIDIA RTX 5000 Ada Generation, 43 %, 37 %, 25341 MiB, 32760 MiB
2026/04/24 16:35:53.385, 0, NVIDIA RTX 5000 Ada Generation, 63 %, 55 %, 25341 MiB, 32760 MiB
2026/04/24 16:35:58.386, 0, NVIDIA RTX 5000 Ada Generation, 0 %, 0 %, 25341 MiB, 32760 MiB
2026/04/24 16:36:03.387, 0, NVIDIA RTX 5000 Ada Generation, 23 %, 21 %, 25329 MiB, 32760 MiB
2026/04/24 16:36:08.388, 0, NVIDIA RTX 5000 Ada Generation, 41 %, 34 %, 25329 MiB, 32760 MiB
2026/04/24 16:36:13.389, 0, NVIDIA RTX 5000 Ada Generation, 50 %, 43 %, 25329 MiB, 32760 MiB
2026/04/24 16:36:18.390, 0, NVIDIA RTX 5000 Ada Generation, 14 %, 12 %, 25329 MiB, 32760 MiB
2026/04/24 16:36:23.391, 0, NVIDIA RTX 5000 Ada Generation, 68 %, 61 %, 25329 MiB, 32760 MiB
2026/04/24 16:36:28.392, 0, NVIDIA RTX 5000 Ada Generation, 48 %, 42 %, 25329 MiB, 32760 MiB
2026/04/24 16:36:33.393, 0, NVIDIA RTX 5000 Ada Generation, 50 %, 44 %, 25329 MiB, 32760 MiB
2026/04/24 16:36:38.394, 0, NVIDIA RTX 5000 Ada Generation, 0 %, 0 %, 25329 MiB, 32760 MiB
2026/04/24 16:36:43.395, 0, NVIDIA RTX 5000 Ada Generation, 21 %, 19 %, 25329 MiB, 32760 MiB
2026/04/24 16:36:48.396, 0, NVIDIA RTX 5000 Ada Generation, 63 %, 53 %, 25329 MiB, 32760 MiB
2026/04/24 16:36:53.397, 0, NVIDIA RTX 5000 Ada Generation, 62 %, 53 %, 25329 MiB, 32760 MiB
2026/04/24 16:36:58.398, 0, NVIDIA RTX 5000 Ada Generation, 42 %, 37 %, 25329 MiB, 32760 MiB
2026/04/24 16:37:03.398, 0, NVIDIA RTX 5000 Ada Generation, 81 %, 72 %, 25341 MiB, 32760 MiB
2026/04/24 16:37:08.399, 0, NVIDIA RTX 5000 Ada Generation, 32 %, 27 %, 25341 MiB, 32760 MiB
2026/04/24 16:37:13.400, 0, NVIDIA RTX 5000 Ada Generation, 0 %, 0 %, 25341 MiB, 32760 MiB
2026/04/24 16:37:18.402, 0, NVIDIA RTX 5000 Ada Generation, 7 %, 6 %, 25341 MiB, 32760 MiB
2026/04/24 16:37:23.403, 0, NVIDIA RTX 5000 Ada Generation, 62 %, 58 %, 25341 MiB, 32760 MiB
2026/04/24 16:37:28.403, 0, NVIDIA RTX 5000 Ada Generation, 13 %, 12 %, 25341 MiB, 32760 MiB
2026/04/24 16:37:33.405, 0, NVIDIA RTX 5000 Ada Generation, 61 %, 52 %, 25341 MiB, 32760 MiB
2026/04/24 16:37:38.405, 0, NVIDIA RTX 5000 Ada Generation, 25 %, 24 %, 25341 MiB, 32760 MiB
2026/04/24 16:37:43.406, 0, NVIDIA RTX 5000 Ada Generation, 61 %, 53 %, 25341 MiB, 32760 MiB
2026/04/24 16:37:48.407, 0, NVIDIA RTX 5000 Ada Generation, 60 %, 52 %, 25341 MiB, 32760 MiB
2026/04/24 16:37:53.408, 0, NVIDIA RTX 5000 Ada Generation, 37 %, 33 %, 25341 MiB, 32760 MiB
2026/04/24 16:37:58.409, 0, NVIDIA RTX 5000 Ada Generation, 77 %, 73 %, 25341 MiB, 32760 MiB
2026/04/24 16:38:03.410, 0, NVIDIA RTX 5000 Ada Generation, 32 %, 29 %, 25329 MiB, 32760 MiB
2026/04/24 16:38:08.411, 0, NVIDIA RTX 5000 Ada Generation, 17 %, 15 %, 25329 MiB, 32760 MiB
2026/04/24 16:38:13.412, 0, NVIDIA RTX 5000 Ada Generation, 61 %, 51 %, 25329 MiB, 32760 MiB
2026/04/24 16:38:18.414, 0, NVIDIA RTX 5000 Ada Generation, 61 %, 53 %, 25329 MiB, 32760 MiB
2026/04/24 16:38:23.415, 0, NVIDIA RTX 5000 Ada Generation, 0 %, 0 %, 25329 MiB, 32760 MiB
2026/04/24 16:38:28.416, 0, NVIDIA RTX 5000 Ada Generation, 44 %, 38 %, 25329 MiB, 32760 MiB
2026/04/24 16:38:33.424, 0, NVIDIA RTX 5000 Ada Generation, 22 %, 17 %, 25329 MiB, 32760 MiB
2026/04/24 16:38:38.425, 0, NVIDIA RTX 5000 Ada Generation, 9 %, 9 %, 25329 MiB, 32760 MiB
2026/04/24 16:38:43.426, 0, NVIDIA RTX 5000 Ada Generation, 30 %, 24 %, 25329 MiB, 32760 MiB
2026/04/24 16:38:48.427, 0, NVIDIA RTX 5000 Ada Generation, 58 %, 50 %, 25329 MiB, 32760 MiB
2026/04/24 16:38:53.427, 0, NVIDIA RTX 5000 Ada Generation, 21 %, 20 %, 25329 MiB, 32760 MiB
2026/04/24 16:38:58.429, 0, NVIDIA RTX 5000 Ada Generation, 20 %, 16 %, 25329 MiB, 32760 MiB
2026/04/24 16:39:03.430, 0, NVIDIA RTX 5000 Ada Generation, 16 %, 14 %, 25341 MiB, 32760 MiB
2026/04/24 16:39:08.431, 0, NVIDIA RTX 5000 Ada Generation, 79 %, 74 %, 25341 MiB, 32760 MiB
2026/04/24 16:39:13.432, 0, NVIDIA RTX 5000 Ada Generation, 17 %, 16 %, 25341 MiB, 32760 MiB
2026/04/24 16:39:18.433, 0, NVIDIA RTX 5000 Ada Generation, 0 %, 0 %, 25341 MiB, 32760 MiB
2026/04/24 16:39:23.434, 0, NVIDIA RTX 5000 Ada Generation, 57 %, 50 %, 25341 MiB, 32760 MiB
2026/04/24 16:39:28.435, 0, NVIDIA RTX 5000 Ada Generation, 45 %, 38 %, 25341 MiB, 32760 MiB
2026/04/24 16:39:33.436, 0, NVIDIA RTX 5000 Ada Generation, 2 %, 2 %, 25341 MiB, 32760 MiB
2026/04/24 16:39:38.437, 0, NVIDIA RTX 5000 Ada Generation, 12 %, 11 %, 25341 MiB, 32760 MiB
2026/04/24 16:39:43.438, 0, NVIDIA RTX 5000 Ada Generation, 63 %, 55 %, 25341 MiB, 32760 MiB
2026/04/24 16:39:48.439, 0, NVIDIA RTX 5000 Ada Generation, 25 %, 22 %, 25341 MiB, 32760 MiB
2026/04/24 16:39:53.440, 0, NVIDIA RTX 5000 Ada Generation, 90 %, 83 %, 25341 MiB, 32760 MiB
2026/04/24 16:39:58.440, 0, NVIDIA RTX 5000 Ada Generation, 57 %, 50 %, 25341 MiB, 32760 MiB
2026/04/24 16:40:03.442, 0, NVIDIA RTX 5000 Ada Generation, 49 %, 47 %, 25329 MiB, 32760 MiB
2026/04/24 16:40:08.442, 0, NVIDIA RTX 5000 Ada Generation, 18 %, 17 %, 25329 MiB, 32760 MiB
2026/04/24 16:40:13.444, 0, NVIDIA RTX 5000 Ada Generation, 0 %, 0 %, 25329 MiB, 32760 MiB
2026/04/24 16:40:18.445, 0, NVIDIA RTX 5000 Ada Generation, 0 %, 0 %, 25329 MiB, 32760 MiB
2026/04/24 16:40:23.446, 0, NVIDIA RTX 5000 Ada Generation, 38 %, 32 %, 25329 MiB, 32760 MiB
2026/04/24 16:40:28.447, 0, NVIDIA RTX 5000 Ada Generation, 54 %, 47 %, 25329 MiB, 32760 MiB
2026/04/24 16:40:33.448, 0, NVIDIA RTX 5000 Ada Generation, 0 %, 0 %, 25329 MiB, 32760 MiB
2026/04/24 16:40:38.449, 0, NVIDIA RTX 5000 Ada Generation, 7 %, 7 %, 25329 MiB, 32760 MiB
2026/04/24 16:40:43.450, 0, NVIDIA RTX 5000 Ada Generation, 43 %, 35 %, 25329 MiB, 32760 MiB
2026/04/24 16:40:48.450, 0, NVIDIA RTX 5000 Ada Generation, 85 %, 74 %, 25329 MiB, 32760 MiB
2026/04/24 16:40:53.452, 0, NVIDIA RTX 5000 Ada Generation, 30 %, 23 %, 25329 MiB, 32760 MiB
2026/04/24 16:40:58.453, 0, NVIDIA RTX 5000 Ada Generation, 0 %, 0 %, 25329 MiB, 32760 MiB
2026/04/24 16:41:03.454, 0, NVIDIA RTX 5000 Ada Generation, 55 %, 47 %, 25341 MiB, 32760 MiB
2026/04/24 16:41:08.455, 0, NVIDIA RTX 5000 Ada Generation, 43 %, 36 %, 25341 MiB, 32760 MiB
2026/04/24 16:41:13.455, 0, NVIDIA RTX 5000 Ada Generation, 0 %, 0 %, 25341 MiB, 32760 MiB
2026/04/24 16:41:18.456, 0, NVIDIA RTX 5000 Ada Generation, 30 %, 26 %, 25341 MiB, 32760 MiB
2026/04/24 16:41:23.457, 0, NVIDIA RTX 5000 Ada Generation, 0 %, 0 %, 25341 MiB, 32760 MiB
2026/04/24 16:41:28.458, 0, NVIDIA RTX 5000 Ada Generation, 35 %, 31 %, 25341 MiB, 32760 MiB
2026/04/24 16:41:33.459, 0, NVIDIA RTX 5000 Ada Generation, 0 %, 0 %, 25341 MiB, 32760 MiB
2026/04/24 16:41:38.460, 0, NVIDIA RTX 5000 Ada Generation, 36 %, 34 %, 25341 MiB, 32760 MiB
2026/04/24 16:41:43.461, 0, NVIDIA RTX 5000 Ada Generation, 27 %, 23 %, 25341 MiB, 32760 MiB
2026/04/24 16:41:48.463, 0, NVIDIA RTX 5000 Ada Generation, 56 %, 49 %, 25341 MiB, 32760 MiB
2026/04/24 16:41:53.463, 0, NVIDIA RTX 5000 Ada Generation, 7 %, 6 %, 25341 MiB, 32760 MiB
2026/04/24 16:41:58.465, 0, NVIDIA RTX 5000 Ada Generation, 62 %, 55 %, 25341 MiB, 32760 MiB
2026/04/24 16:42:03.466, 0, NVIDIA RTX 5000 Ada Generation, 40 %, 34 %, 25329 MiB, 32760 MiB
2026/04/24 16:42:08.467, 0, NVIDIA RTX 5000 Ada Generation, 64 %, 55 %, 25329 MiB, 32760 MiB
2026/04/24 16:42:13.468, 0, NVIDIA RTX 5000 Ada Generation, 10 %, 9 %, 25329 MiB, 32760 MiB
2026/04/24 16:42:18.469, 0, NVIDIA RTX 5000 Ada Generation, 15 %, 13 %, 25329 MiB, 32760 MiB
2026/04/24 16:42:23.470, 0, NVIDIA RTX 5000 Ada Generation, 33 %, 27 %, 25329 MiB, 32760 MiB
2026/04/24 16:42:28.471, 0, NVIDIA RTX 5000 Ada Generation, 49 %, 46 %, 25329 MiB, 32760 MiB
2026/04/24 16:42:33.472, 0, NVIDIA RTX 5000 Ada Generation, 29 %, 26 %, 25329 MiB, 32760 MiB
2026/04/24 16:42:38.473, 0, NVIDIA RTX 5000 Ada Generation, 70 %, 58 %, 25329 MiB, 32760 MiB
2026/04/24 16:42:43.474, 0, NVIDIA RTX 5000 Ada Generation, 43 %, 37 %, 25329 MiB, 32760 MiB
2026/04/24 16:42:48.475, 0, NVIDIA RTX 5000 Ada Generation, 0 %, 0 %, 25329 MiB, 32760 MiB
2026/04/24 16:42:53.476, 0, NVIDIA RTX 5000 Ada Generation, 75 %, 65 %, 25329 MiB, 32760 MiB
2026/04/24 16:42:58.477, 0, NVIDIA RTX 5000 Ada Generation, 5 %, 4 %, 25329 MiB, 32760 MiB
2026/04/24 16:43:03.478, 0, NVIDIA RTX 5000 Ada Generation, 33 %, 29 %, 25341 MiB, 32760 MiB
2026/04/24 16:43:08.479, 0, NVIDIA RTX 5000 Ada Generation, 57 %, 51 %, 25341 MiB, 32760 MiB
2026/04/24 16:43:13.480, 0, NVIDIA RTX 5000 Ada Generation, 80 %, 69 %, 25341 MiB, 32760 MiB
2026/04/24 16:43:18.481, 0, NVIDIA RTX 5000 Ada Generation, 0 %, 0 %, 25341 MiB, 32760 MiB
2026/04/24 16:43:23.482, 0, NVIDIA RTX 5000 Ada Generation, 32 %, 25 %, 25341 MiB, 32760 MiB
2026/04/24 16:43:28.483, 0, NVIDIA RTX 5000 Ada Generation, 36 %, 33 %, 25341 MiB, 32760 MiB
2026/04/24 16:43:33.484, 0, NVIDIA RTX 5000 Ada Generation, 0 %, 0 %, 25341 MiB, 32760 MiB
2026/04/24 16:43:38.485, 0, NVIDIA RTX 5000 Ada Generation, 22 %, 19 %, 25341 MiB, 32760 MiB
2026/04/24 16:43:43.486, 0, NVIDIA RTX 5000 Ada Generation, 45 %, 39 %, 25341 MiB, 32760 MiB
2026/04/24 16:43:48.487, 0, NVIDIA RTX 5000 Ada Generation, 55 %, 50 %, 25341 MiB, 32760 MiB
2026/04/24 16:43:53.488, 0, NVIDIA RTX 5000 Ada Generation, 73 %, 65 %, 25341 MiB, 32760 MiB
2026/04/24 16:43:58.489, 0, NVIDIA RTX 5000 Ada Generation, 58 %, 50 %, 25341 MiB, 32760 MiB
2026/04/24 16:44:03.490, 0, NVIDIA RTX 5000 Ada Generation, 47 %, 39 %, 25329 MiB, 32760 MiB
2026/04/24 16:44:08.491, 0, NVIDIA RTX 5000 Ada Generation, 75 %, 70 %, 25329 MiB, 32760 MiB
2026/04/24 16:44:13.492, 0, NVIDIA RTX 5000 Ada Generation, 56 %, 48 %, 25329 MiB, 32760 MiB
2026/04/24 16:44:18.493, 0, NVIDIA RTX 5000 Ada Generation, 44 %, 37 %, 25329 MiB, 32760 MiB
2026/04/24 16:44:23.494, 0, NVIDIA RTX 5000 Ada Generation, 0 %, 0 %, 25329 MiB, 32760 MiB
2026/04/24 16:44:28.494, 0, NVIDIA RTX 5000 Ada Generation, 31 %, 29 %, 25329 MiB, 32760 MiB
2026/04/24 16:44:33.496, 0, NVIDIA RTX 5000 Ada Generation, 65 %, 59 %, 25329 MiB, 32760 MiB
2026/04/24 16:44:38.497, 0, NVIDIA RTX 5000 Ada Generation, 69 %, 58 %, 25329 MiB, 32760 MiB
2026/04/24 16:44:43.498, 0, NVIDIA RTX 5000 Ada Generation, 12 %, 10 %, 25329 MiB, 32760 MiB
2026/04/24 16:44:48.503, 0, NVIDIA RTX 5000 Ada Generation, 40 %, 34 %, 25329 MiB, 32760 MiB
2026/04/24 16:44:53.516, 0, NVIDIA RTX 5000 Ada Generation, 46 %, 39 %, 25329 MiB, 32760 MiB
2026/04/24 16:44:58.517, 0, NVIDIA RTX 5000 Ada Generation, 0 %, 0 %, 25329 MiB, 32760 MiB
2026/04/24 16:45:03.518, 0, NVIDIA RTX 5000 Ada Generation, 18 %, 15 %, 25341 MiB, 32760 MiB
2026/04/24 16:45:08.519, 0, NVIDIA RTX 5000 Ada Generation, 12 %, 10 %, 25341 MiB, 32760 MiB
2026/04/24 16:45:13.520, 0, NVIDIA RTX 5000 Ada Generation, 71 %, 67 %, 25341 MiB, 32760 MiB
2026/04/24 16:45:18.521, 0, NVIDIA RTX 5000 Ada Generation, 72 %, 67 %, 25341 MiB, 32760 MiB
2026/04/24 16:45:23.522, 0, NVIDIA RTX 5000 Ada Generation, 86 %, 75 %, 25341 MiB, 32760 MiB
2026/04/24 16:45:28.523, 0, NVIDIA RTX 5000 Ada Generation, 52 %, 44 %, 25341 MiB, 32760 MiB
2026/04/24 16:45:33.524, 0, NVIDIA RTX 5000 Ada Generation, 43 %, 38 %, 25341 MiB, 32760 MiB
2026/04/24 16:45:38.525, 0, NVIDIA RTX 5000 Ada Generation, 34 %, 28 %, 25341 MiB, 32760 MiB
2026/04/24 16:45:43.526, 0, NVIDIA RTX 5000 Ada Generation, 56 %, 50 %, 25341 MiB, 32760 MiB
2026/04/24 16:45:48.527, 0, NVIDIA RTX 5000 Ada Generation, 67 %, 56 %, 25341 MiB, 32760 MiB
2026/04/24 16:45:53.528, 0, NVIDIA RTX 5000 Ada Generation, 0 %, 0 %, 25341 MiB, 32760 MiB
2026/04/24 16:45:58.529, 0, NVIDIA RTX 5000 Ada Generation, 15 %, 14 %, 25341 MiB, 32760 MiB
2026/04/24 16:46:03.530, 0, NVIDIA RTX 5000 Ada Generation, 54 %, 46 %, 25329 MiB, 32760 MiB
2026/04/24 16:46:08.530, 0, NVIDIA RTX 5000 Ada Generation, 65 %, 56 %, 25329 MiB, 32760 MiB
2026/04/24 16:46:13.531, 0, NVIDIA RTX 5000 Ada Generation, 38 %, 36 %, 25329 MiB, 32760 MiB
2026/04/24 16:46:18.533, 0, NVIDIA RTX 5000 Ada Generation, 63 %, 52 %, 25329 MiB, 32760 MiB
2026/04/24 16:46:23.534, 0, NVIDIA RTX 5000 Ada Generation, 0 %, 0 %, 25329 MiB, 32760 MiB
